post_id,hashtag_id,hashtag_tag,taggedAt
1,6,#possimus_6,2025-12-05T13:44:55.853781
1,9,#porro_9,2025-12-05T13:44:55.853781
1,30,#voluptatem_30,2025-12-05T13:44:55.853781
1,22,#aliquid_22,2025-12-05T13:44:55.853781
2,29,#cumque_29,2026-01-30T13:44:55.853802
2,11,#quaerat_11,2026-01-30T13:44:55.853802
3,19,#nisi_19,2026-01-28T13:44:55.853820
3,14,#est_14,2026-01-28T13:44:55.853820
3,9,#porro_9,2026-01-28T13:44:55.853820
4,7,#repellat_7,2025-12-30T13:44:55.853836
4,2,#perspiciatis_2,2025-12-30T13:44:55.853836
5,17,#asperiores_17,2025-12-04T13:44:55.853852
5,23,#provident_23,2025-12-04T13:44:55.853852
5,11,#quaerat_11,2025-12-04T13:44:55.853852
5,27,#doloribus_27,2025-12-04T13:44:55.853852
6,4,#sit_4,2025-12-09T13:44:55.853868
6,14,#est_14,2025-12-09T13:44:55.853868
6,26,#vitae_26,2025-12-09T13:44:55.853868
6,15,#repellat_15,2025-12-09T13:44:55.853868
7,26,#vitae_26,2025-12-16T13:44:55.853883
7,12,#hic_12,2025-12-16T13:44:55.853883
7,10,#ducimus_10,2025-12-16T13:44:55.853883
7,4,#sit_4,2025-12-16T13:44:55.853883
9,30,#voluptatem_30,2026-01-26T13:44:55.853918
9,22,#aliquid_22,2026-01-26T13:44:55.853918
9,5,#ipsam_5,2026-01-26T13:44:55.853918
10,22,#aliquid_22,2026-02-01T13:44:55.853934
10,5,#ipsam_5,2026-02-01T13:44:55.853934
10,17,#asperiores_17,2026-02-01T13:44:55.853934
11,20,#perferendis_20,2026-01-19T13:44:55.853949
11,18,#qui_18,2026-01-19T13:44:55.853949
12,6,#possimus_6,2026-01-30T13:44:55.853964
12,10,#ducimus_10,2026-01-30T13:44:55.853964
12,16,#debitis_16,2026-01-30T13:44:55.853964
12,3,#minima_3,2026-01-30T13:44:55.853964
12,26,#vitae_26,2026-01-30T13:44:55.853964
13,1,#animi_1,2026-01-29T13:44:55.853980
13,15,#repellat_15,2026-01-29T13:44:55.853980
15,10,#ducimus_10,2025-12-05T13:44:55.854011
16,4,#sit_4,2025-12-14T13:44:55.854025
16,2,#perspiciatis_2,2025-12-14T13:44:55.854025
16,16,#debitis_16,2025-12-14T13:44:55.854025
16,10,#ducimus_10,2025-12-14T13:44:55.854025
18,12,#hic_12,2026-01-06T13:44:55.854054
18,22,#aliquid_22,2026-01-06T13:44:55.854054
18,27,#doloribus_27,2026-01-06T13:44:55.854054
21,5,#ipsam_5,2025-12-30T13:44:55.854099
21,12,#hic_12,2025-12-30T13:44:55.854099
22,26,#vitae_26,2026-01-16T13:44:55.854114
22,28,#officia_28,2026-01-16T13:44:55.854114
23,22,#aliquid_22,2025-12-13T13:44:55.854128
23,25,#mollitia_25,2025-12-13T13:44:55.854128
23,18,#qui_18,2025-12-13T13:44:55.854128
23,5,#ipsam_5,2025-12-13T13:44:55.854128
25,9,#porro_9,2025-12-10T13:44:55.854156
25,5,#ipsam_5,2025-12-10T13:44:55.854156
25,24,#laborum_24,2025-12-10T13:44:55.854156
25,7,#repellat_7,2025-12-10T13:44:55.854156
25,14,#est_14,2025-12-10T13:44:55.854156
26,30,#voluptatem_30,2026-01-03T13:44:55.854172
26,3,#minima_3,2026-01-03T13:44:55.854172
26,10,#ducimus_10,2026-01-03T13:44:55.854172
26,8,#harum_8,2026-01-03T13:44:55.854172
28,30,#voluptatem_30,2025-12-05T13:44:55.854200
28,12,#hic_12,2025-12-05T13:44:55.854200
28,8,#harum_8,2025-12-05T13:44:55.854200
29,21,#quis_21,2025-12-18T13:44:55.854215
29,13,#nam_13,2025-12-18T13:44:55.854215
29,14,#est_14,2025-12-18T13:44:55.854215
29,29,#cumque_29,2025-12-18T13:44:55.854215
29,4,#sit_4,2025-12-18T13:44:55.854215
30,30,#voluptatem_30,2026-01-24T13:44:55.854229
30,10,#ducimus_10,2026-01-24T13:44:55.854229
31,10,#ducimus_10,2025-12-27T13:44:55.854242
31,6,#possimus_6,2025-12-27T13:44:55.854242
31,19,#nisi_19,2025-12-27T13:44:55.854242
31,14,#est_14,2025-12-27T13:44:55.854242
32,29,#cumque_29,2026-01-30T13:44:55.854256
32,11,#quaerat_11,2026-01-30T13:44:55.854256
32,26,#vitae_26,2026-01-30T13:44:55.854256
32,19,#nisi_19,2026-01-30T13:44:55.854256
32,5,#ipsam_5,2026-01-30T13:44:55.854256
33,25,#mollitia_25,2025-12-06T13:44:55.854270
33,7,#repellat_7,2025-12-06T13:44:55.854270
33,9,#porro_9,2025-12-06T13:44:55.854270
33,5,#ipsam_5,2025-12-06T13:44:55.854270
33,14,#est_14,2025-12-06T13:44:55.854270
34,7,#repellat_7,2026-01-28T13:44:55.854284
34,10,#ducimus_10,2026-01-28T13:44:55.854284
34,3,#minima_3,2026-01-28T13:44:55.854284
34,19,#nisi_19,2026-01-28T13:44:55.854284
35,15,#repellat_15,2025-12-21T13:44:55.854299
35,18,#qui_18,2025-12-21T13:44:55.854299
35,6,#possimus_6,2025-12-21T13:44:55.854299
35,13,#nam_13,2025-12-21T13:44:55.854299
35,26,#vitae_26,2025-12-21T13:44:55.854299
36,4,#sit_4,2026-01-18T13:44:55.854312
36,5,#ipsam_5,2026-01-18T13:44:55.854312
36,17,#asperiores_17,2026-01-18T13:44:55.854312
37,23,#provident_23,2026-01-28T13:44:55.854326
37,11,#quaerat_11,2026-01-28T13:44:55.854326
37,17,#asperiores_17,2026-01-28T13:44:55.854326
38,23,#provident_23,2025-12-31T13:44:55.854340
38,12,#hic_12,2025-12-31T13:44:55.854340
38,15,#repellat_15,2025-12-31T13:44:55.854340
38,14,#est_14,2025-12-31T13:44:55.854340
38,1,#animi_1,2025-12-31T13:44:55.854340
39,1,#animi_1,2025-12-22T13:44:55.854353
39,25,#mollitia_25,2025-12-22T13:44:55.854353
39,14,#est_14,2025-12-22T13:44:55.854353
39,3,#minima_3,2025-12-22T13:44:55.854353
40,20,#perferendis_20,2026-01-25T13:44:55.854366
41,26,#vitae_26,2025-12-05T13:44:55.854380
41,8,#harum_8,2025-12-05T13:44:55.854380
42,17,#asperiores_17,2025-12-28T13:44:55.854394
42,12,#hic_12,2025-12-28T13:44:55.854394
42,5,#ipsam_5,2025-12-28T13:44:55.854394
42,20,#perferendis_20,2025-12-28T13:44:55.854394
43,29,#cumque_29,2026-01-01T13:44:55.854409
43,19,#nisi_19,2026-01-01T13:44:55.854409
43,10,#ducimus_10,2026-01-01T13:44:55.854409
43,2,#perspiciatis_2,2026-01-01T13:44:55.854409
44,5,#ipsam_5,2025-12-08T13:44:55.854423
44,13,#nam_13,2025-12-08T13:44:55.854423
44,22,#aliquid_22,2025-12-08T13:44:55.854423
46,26,#vitae_26,2025-12-13T13:44:55.854450
46,25,#mollitia_25,2025-12-13T13:44:55.854450
46,28,#officia_28,2025-12-13T13:44:55.854450
47,15,#repellat_15,2026-01-14T13:44:55.854464
47,27,#doloribus_27,2026-01-14T13:44:55.854464
47,2,#perspiciatis_2,2026-01-14T13:44:55.854464
47,3,#minima_3,2026-01-14T13:44:55.854464
49,27,#doloribus_27,2026-01-16T13:44:55.854492
49,21,#quis_21,2026-01-16T13:44:55.854492
51,20,#perferendis_20,2026-01-01T13:44:55.854518
51,4,#sit_4,2026-01-01T13:44:55.854518
52,19,#nisi_19,2025-12-24T13:44:55.854533
52,16,#debitis_16,2025-12-24T13:44:55.854533
53,11,#quaerat_11,2026-02-02T13:44:55.854547
53,28,#officia_28,2026-02-02T13:44:55.854547
53,2,#perspiciatis_2,2026-02-02T13:44:55.854547
53,4,#sit_4,2026-02-02T13:44:55.854547
53,24,#laborum_24,2026-02-02T13:44:55.854547
54,22,#aliquid_22,2026-01-17T13:44:55.854561
54,17,#asperiores_17,2026-01-17T13:44:55.854561
54,24,#laborum_24,2026-01-17T13:44:55.854561
54,23,#provident_23,2026-01-17T13:44:55.854561
56,7,#repellat_7,2026-01-29T13:44:55.854601
56,17,#asperiores_17,2026-01-29T13:44:55.854601
56,5,#ipsam_5,2026-01-29T13:44:55.854601
56,18,#qui_18,2026-01-29T13:44:55.854601
56,24,#laborum_24,2026-01-29T13:44:55.854601
57,5,#ipsam_5,2025-12-27T13:44:55.854615
57,8,#harum_8,2025-12-27T13:44:55.854615
57,29,#cumque_29,2025-12-27T13:44:55.854615
58,21,#quis_21,2026-01-31T13:44:55.854630
58,28,#officia_28,2026-01-31T13:44:55.854630
58,5,#ipsam_5,2026-01-31T13:44:55.854630
58,10,#ducimus_10,2026-01-31T13:44:55.854630
58,24,#laborum_24,2026-01-31T13:44:55.854630
60,20,#perferendis_20,2025-12-15T13:44:55.854658
60,23,#provident_23,2025-12-15T13:44:55.854658
60,7,#repellat_7,2025-12-15T13:44:55.854658
64,20,#perferendis_20,2025-12-09T13:44:55.854716
66,4,#sit_4,2026-01-19T13:44:55.854744
66,8,#harum_8,2026-01-19T13:44:55.854744
66,7,#repellat_7,2026-01-19T13:44:55.854744
66,16,#debitis_16,2026-01-19T13:44:55.854744
68,15,#repellat_15,2026-01-21T13:44:55.854772
68,13,#nam_13,2026-01-21T13:44:55.854772
68,2,#perspiciatis_2,2026-01-21T13:44:55.854772
68,30,#voluptatem_30,2026-01-21T13:44:55.854772
70,13,#nam_13,2026-01-08T13:44:55.854800
70,16,#debitis_16,2026-01-08T13:44:55.854800
71,27,#doloribus_27,2025-12-08T13:44:55.854815
72,27,#doloribus_27,2026-01-31T13:44:55.854830
73,9,#porro_9,2025-12-18T13:44:55.854843
73,27,#doloribus_27,2025-12-18T13:44:55.854843
73,20,#perferendis_20,2025-12-18T13:44:55.854843
73,22,#aliquid_22,2025-12-18T13:44:55.854843
74,28,#officia_28,2026-01-26T13:44:55.854857
74,22,#aliquid_22,2026-01-26T13:44:55.854857
74,20,#perferendis_20,2026-01-26T13:44:55.854857
76,5,#ipsam_5,2025-12-31T13:44:55.854898
76,21,#quis_21,2025-12-31T13:44:55.854898
76,1,#animi_1,2025-12-31T13:44:55.854898
77,5,#ipsam_5,2025-12-17T13:44:55.854918
78,22,#aliquid_22,2025-12-04T13:44:55.854941
78,8,#harum_8,2025-12-04T13:44:55.854941
78,6,#possimus_6,2025-12-04T13:44:55.854941
78,17,#asperiores_17,2025-12-04T13:44:55.854941
78,24,#laborum_24,2025-12-04T13:44:55.854941
79,18,#qui_18,2025-12-10T13:44:55.854966
79,7,#repellat_7,2025-12-10T13:44:55.854966
79,16,#debitis_16,2025-12-10T13:44:55.854966
79,10,#ducimus_10,2025-12-10T13:44:55.854966
79,22,#aliquid_22,2025-12-10T13:44:55.854966
81,16,#debitis_16,2026-01-15T13:44:55.855013
81,12,#hic_12,2026-01-15T13:44:55.855013
81,22,#aliquid_22,2026-01-15T13:44:55.855013
81,9,#porro_9,2026-01-15T13:44:55.855013
82,13,#nam_13,2025-12-22T13:44:55.855035
82,23,#provident_23,2025-12-22T13:44:55.855035
82,26,#vitae_26,2025-12-22T13:44:55.855035
84,14,#est_14,2025-12-11T13:44:55.855084
84,27,#doloribus_27,2025-12-11T13:44:55.855084
84,5,#ipsam_5,2025-12-11T13:44:55.855084
86,15,#repellat_15,2026-01-04T13:44:55.855130
86,4,#sit_4,2026-01-04T13:44:55.855130
87,13,#nam_13,2026-01-01T13:44:55.855150
87,1,#animi_1,2026-01-01T13:44:55.855150
87,19,#nisi_19,2026-01-01T13:44:55.855150
87,10,#ducimus_10,2026-01-01T13:44:55.855150
89,21,#quis_21,2025-12-24T13:44:55.855191
89,29,#cumque_29,2025-12-24T13:44:55.855191
89,22,#aliquid_22,2025-12-24T13:44:55.855191
89,20,#perferendis_20,2025-12-24T13:44:55.855191
89,15,#repellat_15,2025-12-24T13:44:55.855191
91,5,#ipsam_5,2026-02-01T13:44:55.855236
91,15,#repellat_15,2026-02-01T13:44:55.855236
92,15,#repellat_15,2025-12-10T13:44:55.855256
92,9,#porro_9,2025-12-10T13:44:55.855256
92,1,#animi_1,2025-12-10T13:44:55.855256
92,6,#possimus_6,2025-12-10T13:44:55.855256
92,12,#hic_12,2025-12-10T13:44:55.855256
93,28,#officia_28,2025-12-28T13:44:55.855278
93,17,#asperiores_17,2025-12-28T13:44:55.855278
93,7,#repellat_7,2025-12-28T13:44:55.855278
93,12,#hic_12,2025-12-28T13:44:55.855278
94,17,#asperiores_17,2026-01-02T13:44:55.855301
94,13,#nam_13,2026-01-02T13:44:55.855301
94,3,#minima_3,2026-01-02T13:44:55.855301
94,6,#possimus_6,2026-01-02T13:44:55.855301
94,21,#quis_21,2026-01-02T13:44:55.855301
95,12,#hic_12,2025-12-20T13:44:55.855324
96,24,#laborum_24,2025-12-08T13:44:55.855346
96,19,#nisi_19,2025-12-08T13:44:55.855346
96,11,#quaerat_11,2025-12-08T13:44:55.855346
96,15,#repellat_15,2025-12-08T13:44:55.855346
96,23,#provident_23,2025-12-08T13:44:55.855346
97,9,#porro_9,2026-01-22T13:44:55.855366
98,10,#ducimus_10,2026-01-18T13:44:55.855389
98,30,#voluptatem_30,2026-01-18T13:44:55.855389
98,13,#nam_13,2026-01-18T13:44:55.855389
98,3,#minima_3,2026-01-18T13:44:55.855389
98,27,#doloribus_27,2026-01-18T13:44:55.855389
99,16,#debitis_16,2025-12-22T13:44:55.855409
99,13,#nam_13,2025-12-22T13:44:55.855409
99,20,#perferendis_20,2025-12-22T13:44:55.855409
99,22,#aliquid_22,2025-12-22T13:44:55.855409
99,6,#possimus_6,2025-12-22T13:44:55.855409
100,23,#provident_23,2025-12-04T13:44:55.855430
100,30,#voluptatem_30,2025-12-04T13:44:55.855430
100,17,#asperiores_17,2025-12-04T13:44:55.855430
100,25,#mollitia_25,2025-12-04T13:44:55.855430
101,17,#asperiores_17,2026-01-06T13:44:55.855453
101,9,#porro_9,2026-01-06T13:44:55.855453
101,5,#ipsam_5,2026-01-06T13:44:55.855453
101,23,#provident_23,2026-01-06T13:44:55.855453
101,11,#quaerat_11,2026-01-06T13:44:55.855453
102,19,#nisi_19,2025-12-09T13:44:55.855474
102,12,#hic_12,2025-12-09T13:44:55.855474
102,20,#perferendis_20,2025-12-09T13:44:55.855474
102,27,#doloribus_27,2025-12-09T13:44:55.855474
103,3,#minima_3,2026-01-18T13:44:55.855495
103,2,#perspiciatis_2,2026-01-18T13:44:55.855495
103,1,#animi_1,2026-01-18T13:44:55.855495
104,6,#possimus_6,2026-01-02T13:44:55.855519
104,8,#harum_8,2026-01-02T13:44:55.855519
104,4,#sit_4,2026-01-02T13:44:55.855519
104,22,#aliquid_22,2026-01-02T13:44:55.855519
104,16,#debitis_16,2026-01-02T13:44:55.855519
105,16,#debitis_16,2025-12-19T13:44:55.855540
105,11,#quaerat_11,2025-12-19T13:44:55.855540
105,25,#mollitia_25,2025-12-19T13:44:55.855540
105,8,#harum_8,2025-12-19T13:44:55.855540
105,26,#vitae_26,2025-12-19T13:44:55.855540
106,26,#vitae_26,2026-01-13T13:44:55.855562
106,8,#harum_8,2026-01-13T13:44:55.855562
106,4,#sit_4,2026-01-13T13:44:55.855562
106,29,#cumque_29,2026-01-13T13:44:55.855562
106,6,#possimus_6,2026-01-13T13:44:55.855562
107,29,#cumque_29,2026-01-19T13:44:55.855595
107,13,#nam_13,2026-01-19T13:44:55.855595
107,25,#mollitia_25,2026-01-19T13:44:55.855595
107,14,#est_14,2026-01-19T13:44:55.855595
107,30,#voluptatem_30,2026-01-19T13:44:55.855595
110,9,#porro_9,2025-12-11T13:44:55.855661
110,4,#sit_4,2025-12-11T13:44:55.855661
110,2,#perspiciatis_2,2025-12-11T13:44:55.855661
110,28,#officia_28,2025-12-11T13:44:55.855661
111,3,#minima_3,2025-12-04T13:44:55.855682
111,15,#repellat_15,2025-12-04T13:44:55.855682
111,25,#mollitia_25,2025-12-04T13:44:55.855682
111,12,#hic_12,2025-12-04T13:44:55.855682
111,20,#perferendis_20,2025-12-04T13:44:55.855682
112,27,#doloribus_27,2026-01-09T13:44:55.855702
112,1,#animi_1,2026-01-09T13:44:55.855702
112,30,#voluptatem_30,2026-01-09T13:44:55.855702
112,6,#possimus_6,2026-01-09T13:44:55.855702
112,11,#quaerat_11,2026-01-09T13:44:55.855702
114,15,#repellat_15,2025-12-17T13:44:55.855747
114,13,#nam_13,2025-12-17T13:44:55.855747
114,5,#ipsam_5,2025-12-17T13:44:55.855747
114,21,#quis_21,2025-12-17T13:44:55.855747
114,19,#nisi_19,2025-12-17T13:44:55.855747
115,7,#repellat_7,2026-01-02T13:44:55.855769
115,9,#porro_9,2026-01-02T13:44:55.855769
115,16,#debitis_16,2026-01-02T13:44:55.855769
115,15,#repellat_15,2026-01-02T13:44:55.855769
116,10,#ducimus_10,2026-02-01T13:44:55.855793
116,8,#harum_8,2026-02-01T13:44:55.855793
116,7,#repellat_7,2026-02-01T13:44:55.855793
116,24,#laborum_24,2026-02-01T13:44:55.855793
116,6,#possimus_6,2026-02-01T13:44:55.855793
117,27,#doloribus_27,2025-12-13T13:44:55.855815
117,17,#asperiores_17,2025-12-13T13:44:55.855815
117,26,#vitae_26,2025-12-13T13:44:55.855815
118,3,#minima_3,2025-12-06T13:44:55.855835
119,1,#animi_1,2025-12-06T13:44:55.855856
119,21,#quis_21,2025-12-06T13:44:55.855856
119,22,#aliquid_22,2025-12-06T13:44:55.855856
119,4,#sit_4,2025-12-06T13:44:55.855856
120,2,#perspiciatis_2,2026-02-01T13:44:55.855877
121,29,#cumque_29,2025-12-09T13:44:55.855899
123,25,#mollitia_25,2026-01-12T13:44:55.855942
123,14,#est_14,2026-01-12T13:44:55.855942
124,18,#qui_18,2026-01-17T13:44:55.855966
124,28,#officia_28,2026-01-17T13:44:55.855966
124,3,#minima_3,2026-01-17T13:44:55.855966
124,11,#quaerat_11,2026-01-17T13:44:55.855966
125,22,#aliquid_22,2025-12-30T13:44:55.855985
126,30,#voluptatem_30,2025-12-23T13:44:55.856007
126,24,#laborum_24,2025-12-23T13:44:55.856007
126,21,#quis_21,2025-12-23T13:44:55.856007
126,17,#asperiores_17,2025-12-23T13:44:55.856007
126,16,#debitis_16,2025-12-23T13:44:55.856007
127,27,#doloribus_27,2025-12-16T13:44:55.856029
128,19,#nisi_19,2025-12-11T13:44:55.856053
129,17,#asperiores_17,2026-01-25T13:44:55.856075
129,12,#hic_12,2026-01-25T13:44:55.856075
129,20,#perferendis_20,2026-01-25T13:44:55.856075
130,28,#officia_28,2025-12-04T13:44:55.856096
130,5,#ipsam_5,2025-12-04T13:44:55.856096
130,26,#vitae_26,2025-12-04T13:44:55.856096
130,3,#minima_3,2025-12-04T13:44:55.856096
131,14,#est_14,2025-12-15T13:44:55.856119
131,21,#quis_21,2025-12-15T13:44:55.856119
131,13,#nam_13,2025-12-15T13:44:55.856119
133,3,#minima_3,2026-01-27T13:44:55.856165
133,5,#ipsam_5,2026-01-27T13:44:55.856165
133,26,#vitae_26,2026-01-27T13:44:55.856165
133,17,#asperiores_17,2026-01-27T13:44:55.856165
134,4,#sit_4,2025-12-21T13:44:55.856185
134,16,#debitis_16,2025-12-21T13:44:55.856185
135,2,#perspiciatis_2,2026-01-29T13:44:55.856200
136,18,#qui_18,2026-01-27T13:44:55.856213
136,11,#quaerat_11,2026-01-27T13:44:55.856213
136,1,#animi_1,2026-01-27T13:44:55.856213
136,8,#harum_8,2026-01-27T13:44:55.856213
137,30,#voluptatem_30,2025-12-13T13:44:55.856227
137,27,#doloribus_27,2025-12-13T13:44:55.856227
138,13,#nam_13,2026-01-11T13:44:55.856241
138,23,#provident_23,2026-01-11T13:44:55.856241
139,3,#minima_3,2026-01-29T13:44:55.856256
139,28,#officia_28,2026-01-29T13:44:55.856256
140,10,#ducimus_10,2025-12-10T13:44:55.856270
142,19,#nisi_19,2026-01-24T13:44:55.856327
142,8,#harum_8,2026-01-24T13:44:55.856327
142,28,#officia_28,2026-01-24T13:44:55.856327
142,17,#asperiores_17,2026-01-24T13:44:55.856327
143,17,#asperiores_17,2025-12-23T13:44:55.856341
143,10,#ducimus_10,2025-12-23T13:44:55.856341
143,13,#nam_13,2025-12-23T13:44:55.856341
143,20,#perferendis_20,2025-12-23T13:44:55.856341
145,23,#provident_23,2026-01-16T13:44:55.856370
145,29,#cumque_29,2026-01-16T13:44:55.856370
145,4,#sit_4,2026-01-16T13:44:55.856370
145,19,#nisi_19,2026-01-16T13:44:55.856370
146,30,#voluptatem_30,2026-01-16T13:44:55.856385
146,9,#porro_9,2026-01-16T13:44:55.856385
146,21,#quis_21,2026-01-16T13:44:55.856385
149,14,#est_14,2026-01-02T13:44:55.856427
149,9,#porro_9,2026-01-02T13:44:55.856427
150,11,#quaerat_11,2026-01-16T13:44:55.856442
