user_id,user_username,post_id,repostedAt
9,anthony-gabrielbarbosa_9,1,2025-12-07T17:44:55.853781
47,rda-paz_47,2,2026-02-02T10:44:55.853802
22,cmacedo_22,2,2026-01-30T23:44:55.853802
43,ccassiano_43,2,2026-01-31T15:44:55.853802
4,pereiraluigi_4,2,2026-01-30T22:44:55.853802
16,viniciuscastro_16,2,2026-02-04T20:44:55.853802
32,mariahcunha_32,2,2026-02-04T22:44:55.853802
5,pgoncalves_5,2,2026-02-01T22:44:55.853802
37,da-conceicaoalicia_37,2,2026-02-06T11:44:55.853802
40,igor68_40,2,2026-02-03T06:44:55.853802
3,novaesana-beatriz_3,2,2026-02-04T03:44:55.853802
23,oleao_23,2,2026-02-04T15:44:55.853802
44,mayaandrade_44,2,2026-02-02T18:44:55.853802
27,goncalvesbenjamim_27,2,2026-02-01T23:44:55.853802
6,qmoura_6,2,2026-01-30T18:44:55.853802
36,rebecagarcia_36,2,2026-01-31T03:44:55.853802
31,ucavalcanti_31,2,2026-01-30T19:44:55.853802
9,anthony-gabrielbarbosa_9,2,2026-02-01T15:44:55.853802
39,maria-isismoreira_39,3,2026-01-29T19:44:55.853820
25,raquel73_25,3,2026-02-04T02:44:55.853820
44,mayaandrade_44,3,2026-02-01T11:44:55.853820
48,ada-mota_48,3,2026-02-01T07:44:55.853820
2,rfernandes_2,3,2026-01-30T14:44:55.853820
36,rebecagarcia_36,3,2026-02-01T04:44:55.853820
31,ucavalcanti_31,3,2026-02-02T04:44:55.853820
4,pereiraluigi_4,3,2026-01-29T03:44:55.853820
49,lunna09_49,3,2026-01-31T01:44:55.853820
42,dda-cruz_42,3,2026-01-31T00:44:55.853820
9,anthony-gabrielbarbosa_9,3,2026-01-29T12:44:55.853820
28,souzavalentina_28,3,2026-02-03T19:44:55.853820
50,vda-rocha_50,3,2026-01-28T15:44:55.853820
45,odias_45,3,2026-01-30T23:44:55.853820
40,igor68_40,3,2026-02-01T22:44:55.853820
8,jose-miguelribeiro_8,3,2026-02-03T06:44:55.853820
29,maria-florsampaio_29,3,2026-02-03T14:44:55.853820
1,alvesyan_1,4,2026-01-02T04:44:55.853836
5,pgoncalves_5,5,2025-12-05T03:44:55.853852
29,maria-florsampaio_29,6,2025-12-12T21:44:55.853868
12,mcassiano_12,6,2025-12-13T06:44:55.853868
19,pietroalves_19,6,2025-12-15T23:44:55.853868
3,novaesana-beatriz_3,6,2025-12-16T12:44:55.853868
19,pietroalves_19,7,2025-12-23T13:44:55.853883
9,anthony-gabrielbarbosa_9,7,2025-12-17T08:44:55.853883
39,maria-isismoreira_39,7,2025-12-17T08:44:55.853883
26,teixeiragabrielly_26,7,2025-12-19T05:44:55.853883
31,ucavalcanti_31,7,2025-12-22T08:44:55.853883
43,ccassiano_43,7,2025-12-18T17:44:55.853883
8,jose-miguelribeiro_8,7,2025-12-21T19:44:55.853883
15,gustavo-henrique24_15,8,2025-12-25T22:44:55.853901
29,maria-florsampaio_29,8,2025-12-28T07:44:55.853901
46,duartedaniel_46,8,2025-12-27T21:44:55.853901
20,luiza98_20,8,2025-12-23T15:44:55.853901
24,jaragao_24,8,2025-12-23T02:44:55.853901
36,rebecagarcia_36,8,2025-12-26T05:44:55.853901
19,pietroalves_19,8,2025-12-26T22:44:55.853901
42,dda-cruz_42,8,2025-12-29T04:44:55.853901
16,viniciuscastro_16,8,2025-12-27T17:44:55.853901
34,maria-sophiada-mota_34,8,2025-12-25T12:44:55.853901
18,luiz-gustavojesus_18,8,2025-12-23T09:44:55.853901
9,anthony-gabrielbarbosa_9,9,2026-01-27T20:44:55.853918
34,maria-sophiada-mota_34,9,2026-01-30T12:44:55.853918
15,gustavo-henrique24_15,9,2026-01-28T01:44:55.853918
20,luiza98_20,9,2026-01-26T22:44:55.853918
36,rebecagarcia_36,9,2026-01-29T01:44:55.853918
14,kpinto_14,9,2026-01-31T05:44:55.853918
49,lunna09_49,10,2026-02-02T00:44:55.853934
30,pastorryan_30,10,2026-02-03T22:44:55.853934
8,jose-miguelribeiro_8,10,2026-02-03T17:44:55.853934
2,rfernandes_2,10,2026-02-05T14:44:55.853934
32,mariahcunha_32,10,2026-02-03T12:44:55.853934
3,novaesana-beatriz_3,10,2026-02-08T13:44:55.853934
18,luiz-gustavojesus_18,10,2026-02-06T03:44:55.853934
44,mayaandrade_44,10,2026-02-07T05:44:55.853934
38,luna17_38,10,2026-02-02T02:44:55.853934
25,raquel73_25,10,2026-02-04T19:44:55.853934
20,luiza98_20,10,2026-02-01T21:44:55.853934
6,qmoura_6,10,2026-02-07T07:44:55.853934
4,pereiraluigi_4,10,2026-02-05T06:44:55.853934
43,ccassiano_43,10,2026-02-01T19:44:55.853934
41,liamdas-neves_41,10,2026-02-08T00:44:55.853934
46,duartedaniel_46,10,2026-02-05T03:44:55.853934
47,rda-paz_47,10,2026-02-04T08:44:55.853934
36,rebecagarcia_36,10,2026-02-07T20:44:55.853934
33,da-rochapedro-miguel_33,10,2026-02-03T20:44:55.853934
15,gustavo-henrique24_15,10,2026-02-01T20:44:55.853934
47,rda-paz_47,11,2026-01-24T11:44:55.853949
40,igor68_40,11,2026-01-24T01:44:55.853949
28,souzavalentina_28,11,2026-01-25T15:44:55.853949
48,ada-mota_48,11,2026-01-25T14:44:55.853949
4,pereiraluigi_4,11,2026-01-25T01:44:55.853949
7,natalia93_7,11,2026-01-22T07:44:55.853949
36,rebecagarcia_36,11,2026-01-21T06:44:55.853949
25,raquel73_25,11,2026-01-23T14:44:55.853949
19,pietroalves_19,11,2026-01-24T12:44:55.853949
35,da-cunhamaria-liz_35,11,2026-01-22T01:44:55.853949
1,alvesyan_1,12,2026-02-02T04:44:55.853964
18,luiz-gustavojesus_18,12,2026-02-05T07:44:55.853964
44,mayaandrade_44,12,2026-02-02T16:44:55.853964
6,qmoura_6,12,2026-02-03T03:44:55.853964
26,teixeiragabrielly_26,13,2026-02-03T11:44:55.853980
3,novaesana-beatriz_3,13,2026-01-29T17:44:55.853980
40,igor68_40,13,2026-02-03T05:44:55.853980
18,luiz-gustavojesus_18,13,2026-01-29T15:44:55.853980
24,jaragao_24,13,2026-02-03T12:44:55.853980
47,rda-paz_47,13,2026-01-29T22:44:55.853980
43,ccassiano_43,13,2026-02-02T08:44:55.853980
17,ccardoso_17,13,2026-02-03T15:44:55.853980
42,dda-cruz_42,13,2026-02-05T08:44:55.853980
39,maria-isismoreira_39,13,2026-02-04T11:44:55.853980
1,alvesyan_1,13,2026-01-31T20:44:55.853980
8,jose-miguelribeiro_8,13,2026-02-02T21:44:55.853980
20,luiza98_20,13,2026-01-30T03:44:55.853980
37,da-conceicaoalicia_37,13,2026-02-04T17:44:55.853980
21,natalia46_21,13,2026-01-30T09:44:55.853980
44,mayaandrade_44,13,2026-02-01T11:44:55.853980
12,mcassiano_12,13,2026-02-05T01:44:55.853980
29,maria-florsampaio_29,13,2026-02-04T10:44:55.853980
5,pgoncalves_5,14,2026-01-04T09:44:55.853994
29,maria-florsampaio_29,14,2026-01-04T02:44:55.853994
12,mcassiano_12,14,2026-01-09T03:44:55.853994
17,ccardoso_17,14,2026-01-09T12:44:55.853994
18,luiz-gustavojesus_18,14,2026-01-03T01:44:55.853994
47,rda-paz_47,14,2026-01-05T00:44:55.853994
32,mariahcunha_32,14,2026-01-03T18:44:55.853994
9,anthony-gabrielbarbosa_9,14,2026-01-09T12:44:55.853994
15,gustavo-henrique24_15,14,2026-01-02T22:44:55.853994
41,liamdas-neves_41,14,2026-01-04T12:44:55.853994
29,maria-florsampaio_29,15,2025-12-06T08:44:55.854011
38,luna17_38,15,2025-12-10T22:44:55.854011
21,natalia46_21,15,2025-12-10T06:44:55.854011
3,novaesana-beatriz_3,15,2025-12-06T17:44:55.854011
36,rebecagarcia_36,15,2025-12-10T23:44:55.854011
15,gustavo-henrique24_15,15,2025-12-06T08:44:55.854011
4,pereiraluigi_4,15,2025-12-08T01:44:55.854011
17,ccardoso_17,15,2025-12-07T17:44:55.854011
43,ccassiano_43,15,2025-12-09T00:44:55.854011
2,rfernandes_2,15,2025-12-11T15:44:55.854011
23,oleao_23,15,2025-12-09T12:44:55.854011
35,da-cunhamaria-liz_35,15,2025-12-09T23:44:55.854011
47,rda-paz_47,15,2025-12-06T07:44:55.854011
16,viniciuscastro_16,15,2025-12-12T09:44:55.854011
40,igor68_40,15,2025-12-10T02:44:55.854011
7,natalia93_7,15,2025-12-08T13:44:55.854011
2,rfernandes_2,16,2025-12-18T02:44:55.854025
21,natalia46_21,16,2025-12-18T21:44:55.854025
39,maria-isismoreira_39,16,2025-12-21T11:44:55.854025
24,jaragao_24,16,2025-12-18T12:44:55.854025
19,pietroalves_19,17,2026-02-01T23:44:55.854039
40,igor68_40,17,2026-02-02T17:44:55.854039
2,rfernandes_2,17,2026-01-31T05:44:55.854039
11,aragaovalentina_11,17,2026-01-29T20:44:55.854039
24,jaragao_24,17,2026-01-31T13:44:55.854039
3,novaesana-beatriz_3,17,2026-02-02T18:44:55.854039
50,vda-rocha_50,17,2026-01-27T21:44:55.854039
10,ribeirolorena_10,17,2026-02-03T13:44:55.854039
38,luna17_38,17,2026-01-29T03:44:55.854039
48,ada-mota_48,17,2026-01-31T14:44:55.854039
7,natalia93_7,17,2026-02-03T11:44:55.854039
39,maria-isismoreira_39,17,2026-01-28T09:44:55.854039
14,kpinto_14,17,2026-01-28T08:44:55.854039
21,natalia46_21,17,2026-01-29T22:44:55.854039
33,da-rochapedro-miguel_33,17,2026-02-02T13:44:55.854039
37,da-conceicaoalicia_37,18,2026-01-08T14:44:55.854054
41,liamdas-neves_41,18,2026-01-12T16:44:55.854054
36,rebecagarcia_36,18,2026-01-09T16:44:55.854054
47,rda-paz_47,18,2026-01-09T03:44:55.854054
27,goncalvesbenjamim_27,18,2026-01-10T01:44:55.854054
35,da-cunhamaria-liz_35,18,2026-01-09T03:44:55.854054
8,jose-miguelribeiro_8,18,2026-01-10T09:44:55.854054
34,maria-sophiada-mota_34,18,2026-01-09T00:44:55.854054
4,pereiraluigi_4,18,2026-01-11T09:44:55.854054
39,maria-isismoreira_39,18,2026-01-09T21:44:55.854054
31,ucavalcanti_31,18,2026-01-07T18:44:55.854054
43,ccassiano_43,18,2026-01-09T02:44:55.854054
49,lunna09_49,18,2026-01-11T06:44:55.854054
29,maria-florsampaio_29,18,2026-01-10T21:44:55.854054
21,natalia46_21,18,2026-01-10T09:44:55.854054
18,luiz-gustavojesus_18,18,2026-01-07T09:44:55.854054
36,rebecagarcia_36,19,2025-12-27T14:44:55.854068
33,da-rochapedro-miguel_33,19,2025-12-22T21:44:55.854068
5,pgoncalves_5,19,2025-12-27T06:44:55.854068
24,jaragao_24,19,2025-12-24T03:44:55.854068
42,dda-cruz_42,19,2025-12-25T21:44:55.854068
31,ucavalcanti_31,19,2025-12-27T18:44:55.854068
39,maria-isismoreira_39,19,2025-12-23T00:44:55.854068
15,gustavo-henrique24_15,19,2025-12-28T00:44:55.854068
29,maria-florsampaio_29,19,2025-12-24T07:44:55.854068
27,goncalvesbenjamim_27,19,2025-12-24T14:44:55.854068
43,ccassiano_43,19,2025-12-25T04:44:55.854068
8,jose-miguelribeiro_8,20,2026-01-14T11:44:55.854085
6,qmoura_6,20,2026-01-17T09:44:55.854085
27,goncalvesbenjamim_27,20,2026-01-12T16:44:55.854085
48,ada-mota_48,20,2026-01-14T07:44:55.854085
33,da-rochapedro-miguel_33,20,2026-01-13T19:44:55.854085
10,ribeirolorena_10,20,2026-01-17T00:44:55.854085
37,da-conceicaoalicia_37,20,2026-01-15T08:44:55.854085
32,mariahcunha_32,20,2026-01-18T10:44:55.854085
41,liamdas-neves_41,20,2026-01-17T13:44:55.854085
13,isiscampos_13,20,2026-01-13T14:44:55.854085
3,novaesana-beatriz_3,21,2026-01-01T07:44:55.854099
28,souzavalentina_28,21,2025-12-31T07:44:55.854099
2,rfernandes_2,21,2025-12-31T22:44:55.854099
45,odias_45,21,2026-01-05T00:44:55.854099
25,raquel73_25,22,2026-01-20T07:44:55.854114
28,souzavalentina_28,22,2026-01-21T07:44:55.854114
23,oleao_23,22,2026-01-20T21:44:55.854114
9,anthony-gabrielbarbosa_9,22,2026-01-23T06:44:55.854114
26,teixeiragabrielly_26,22,2026-01-21T08:44:55.854114
45,odias_45,22,2026-01-21T04:44:55.854114
36,rebecagarcia_36,22,2026-01-19T15:44:55.854114
16,viniciuscastro_16,22,2026-01-21T15:44:55.854114
19,pietroalves_19,22,2026-01-17T23:44:55.854114
8,jose-miguelribeiro_8,22,2026-01-18T11:44:55.854114
22,cmacedo_22,22,2026-01-22T19:44:55.854114
40,igor68_40,22,2026-01-21T23:44:55.854114
38,luna17_38,22,2026-01-17T10:44:55.854114
7,natalia93_7,22,2026-01-18T03:44:55.854114
3,novaesana-beatriz_3,22,2026-01-16T14:44:55.854114
5,pgoncalves_5,22,2026-01-22T20:44:55.854114
24,jaragao_24,23,2025-12-18T02:44:55.854128
44,mayaandrade_44,23,2025-12-16T14:44:55.854128
42,dda-cruz_42,23,2025-12-16T23:44:55.854128
30,pastorryan_30,23,2025-12-17T15:44:55.854128
25,raquel73_25,23,2025-12-16T22:44:55.854128
21,natalia46_21,23,2025-12-15T10:44:55.854128
29,maria-florsampaio_29,23,2025-12-15T01:44:55.854128
12,mcassiano_12,23,2025-12-13T23:44:55.854128
33,da-rochapedro-miguel_33,23,2025-12-15T18:44:55.854128
38,luna17_38,23,2025-12-18T03:44:55.854128
18,luiz-gustavojesus_18,23,2025-12-19T01:44:55.854128
7,natalia93_7,23,2025-12-16T12:44:55.854128
15,gustavo-henrique24_15,23,2025-12-19T16:44:55.854128
20,luiza98_20,23,2025-12-20T02:44:55.854128
32,mariahcunha_32,23,2025-12-16T21:44:55.854128
22,cmacedo_22,23,2025-12-14T14:44:55.854128
4,pereiraluigi_4,23,2025-12-17T05:44:55.854128
48,ada-mota_48,23,2025-12-16T13:44:55.854128
8,jose-miguelribeiro_8,24,2026-01-01T22:44:55.854143
19,pietroalves_19,24,2026-01-01T08:44:55.854143
18,luiz-gustavojesus_18,24,2026-01-02T14:44:55.854143
32,mariahcunha_32,24,2026-01-02T07:44:55.854143
29,maria-florsampaio_29,24,2026-01-06T00:44:55.854143
15,gustavo-henrique24_15,25,2025-12-12T01:44:55.854156
43,ccassiano_43,25,2025-12-11T13:44:55.854156
18,luiz-gustavojesus_18,25,2025-12-12T17:44:55.854156
33,da-rochapedro-miguel_33,26,2026-01-09T02:44:55.854172
49,lunna09_49,26,2026-01-04T21:44:55.854172
11,aragaovalentina_11,26,2026-01-08T09:44:55.854172
2,rfernandes_2,26,2026-01-06T16:44:55.854172
39,maria-isismoreira_39,26,2026-01-04T17:44:55.854172
3,novaesana-beatriz_3,26,2026-01-04T19:44:55.854172
35,da-cunhamaria-liz_35,26,2026-01-08T06:44:55.854172
44,mayaandrade_44,26,2026-01-08T03:44:55.854172
13,isiscampos_13,26,2026-01-08T19:44:55.854172
1,alvesyan_1,26,2026-01-06T08:44:55.854172
32,mariahcunha_32,26,2026-01-04T11:44:55.854172
47,rda-paz_47,26,2026-01-05T00:44:55.854172
24,jaragao_24,26,2026-01-06T12:44:55.854172
14,kpinto_14,26,2026-01-04T18:44:55.854172
19,pietroalves_19,26,2026-01-07T07:44:55.854172
28,souzavalentina_28,26,2026-01-04T09:44:55.854172
29,maria-florsampaio_29,26,2026-01-05T21:44:55.854172
21,natalia46_21,27,2026-01-28T22:44:55.854185
11,aragaovalentina_11,27,2026-01-27T02:44:55.854185
30,pastorryan_30,28,2025-12-10T03:44:55.854200
41,liamdas-neves_41,28,2025-12-06T14:44:55.854200
48,ada-mota_48,28,2025-12-11T02:44:55.854200
33,da-rochapedro-miguel_33,28,2025-12-08T22:44:55.854200
44,mayaandrade_44,28,2025-12-07T13:44:55.854200
5,pgoncalves_5,28,2025-12-11T11:44:55.854200
21,natalia46_21,28,2025-12-12T05:44:55.854200
3,novaesana-beatriz_3,28,2025-12-05T22:44:55.854200
41,liamdas-neves_41,29,2025-12-23T04:44:55.854215
1,alvesyan_1,29,2025-12-19T06:44:55.854215
16,viniciuscastro_16,29,2025-12-23T18:44:55.854215
9,anthony-gabrielbarbosa_9,29,2025-12-24T11:44:55.854215
38,luna17_38,29,2025-12-25T01:44:55.854215
25,raquel73_25,29,2025-12-20T18:44:55.854215
15,gustavo-henrique24_15,29,2025-12-20T10:44:55.854215
13,isiscampos_13,29,2025-12-18T22:44:55.854215
17,ccardoso_17,29,2025-12-23T00:44:55.854215
31,ucavalcanti_31,29,2025-12-21T08:44:55.854215
10,ribeirolorena_10,29,2025-12-25T02:44:55.854215
32,mariahcunha_32,29,2025-12-22T14:44:55.854215
12,mcassiano_12,29,2025-12-25T06:44:55.854215
39,maria-isismoreira_39,29,2025-12-24T18:44:55.854215
19,pietroalves_19,29,2025-12-21T01:44:55.854215
47,rda-paz_47,29,2025-12-25T08:44:55.854215
43,ccassiano_43,29,2025-12-22T06:44:55.854215
6,qmoura_6,29,2025-12-23T16:44:55.854215
14,kpinto_14,29,2025-12-24T04:44:55.854215
49,lunna09_49,29,2025-12-25T13:44:55.854215
20,luiza98_20,30,2026-01-29T18:44:55.854229
15,gustavo-henrique24_15,30,2026-01-31T06:44:55.854229
19,pietroalves_19,30,2026-01-28T17:44:55.854229
43,ccassiano_43,30,2026-01-30T22:44:55.854229
32,mariahcunha_32,30,2026-01-28T08:44:55.854229
31,ucavalcanti_31,31,2025-12-31T18:44:55.854242
19,pietroalves_19,31,2025-12-28T21:44:55.854242
7,natalia93_7,31,2026-01-01T16:44:55.854242
15,gustavo-henrique24_15,31,2026-01-01T18:44:55.854242
8,jose-miguelribeiro_8,31,2026-01-02T22:44:55.854242
49,lunna09_49,31,2025-12-31T22:44:55.854242
27,goncalvesbenjamim_27,31,2025-12-30T01:44:55.854242
29,maria-florsampaio_29,31,2025-12-27T20:44:55.854242
21,natalia46_21,31,2025-12-30T15:44:55.854242
16,viniciuscastro_16,31,2025-12-30T09:44:55.854242
28,souzavalentina_28,31,2026-01-01T22:44:55.854242
46,duartedaniel_46,31,2025-12-29T20:44:55.854242
12,mcassiano_12,31,2025-12-31T21:44:55.854242
30,pastorryan_30,31,2025-12-28T04:44:55.854242
42,dda-cruz_42,31,2026-01-02T12:44:55.854242
39,maria-isismoreira_39,31,2025-12-30T23:44:55.854242
23,oleao_23,31,2025-12-30T07:44:55.854242
27,goncalvesbenjamim_27,32,2026-02-03T03:44:55.854256
26,teixeiragabrielly_26,32,2026-02-06T07:44:55.854256
29,maria-florsampaio_29,32,2026-01-31T00:44:55.854256
28,souzavalentina_28,32,2026-02-02T19:44:55.854256
49,lunna09_49,32,2026-02-04T07:44:55.854256
17,ccardoso_17,32,2026-02-03T21:44:55.854256
4,pereiraluigi_4,32,2026-02-01T21:44:55.854256
18,luiz-gustavojesus_18,32,2026-02-05T15:44:55.854256
32,mariahcunha_32,32,2026-02-01T07:44:55.854256
15,gustavo-henrique24_15,32,2026-02-05T06:44:55.854256
50,vda-rocha_50,33,2025-12-07T22:44:55.854270
41,liamdas-neves_41,33,2025-12-12T23:44:55.854270
8,jose-miguelribeiro_8,33,2025-12-12T07:44:55.854270
40,igor68_40,33,2025-12-06T18:44:55.854270
47,rda-paz_47,33,2025-12-06T18:44:55.854270
22,cmacedo_22,33,2025-12-10T14:44:55.854270
50,vda-rocha_50,34,2026-02-01T02:44:55.854284
46,duartedaniel_46,34,2026-02-01T07:44:55.854284
5,pgoncalves_5,35,2025-12-23T20:44:55.854299
42,dda-cruz_42,35,2025-12-27T10:44:55.854299
4,pereiraluigi_4,35,2025-12-24T04:44:55.854299
34,maria-sophiada-mota_34,35,2025-12-21T16:44:55.854299
14,kpinto_14,35,2025-12-21T22:44:55.854299
24,jaragao_24,35,2025-12-21T18:44:55.854299
35,da-cunhamaria-liz_35,35,2025-12-27T03:44:55.854299
13,isiscampos_13,35,2025-12-22T15:44:55.854299
11,aragaovalentina_11,35,2025-12-26T21:44:55.854299
44,mayaandrade_44,35,2025-12-25T18:44:55.854299
26,teixeiragabrielly_26,35,2025-12-26T17:44:55.854299
15,gustavo-henrique24_15,35,2025-12-21T23:44:55.854299
19,pietroalves_19,35,2025-12-23T05:44:55.854299
49,lunna09_49,35,2025-12-24T13:44:55.854299
45,odias_45,35,2025-12-24T18:44:55.854299
22,cmacedo_22,35,2025-12-21T19:44:55.854299
27,goncalvesbenjamim_27,35,2025-12-23T23:44:55.854299
50,vda-rocha_50,36,2026-01-24T19:44:55.854312
45,odias_45,36,2026-01-22T17:44:55.854312
16,viniciuscastro_16,36,2026-01-20T14:44:55.854312
3,novaesana-beatriz_3,36,2026-01-25T00:44:55.854312
18,luiz-gustavojesus_18,36,2026-01-21T20:44:55.854312
8,jose-miguelribeiro_8,36,2026-01-21T23:44:55.854312
25,raquel73_25,36,2026-01-23T01:44:55.854312
42,dda-cruz_42,36,2026-01-24T00:44:55.854312
26,teixeiragabrielly_26,36,2026-01-18T18:44:55.854312
9,anthony-gabrielbarbosa_9,36,2026-01-21T18:44:55.854312
46,duartedaniel_46,36,2026-01-21T11:44:55.854312
6,qmoura_6,36,2026-01-23T10:44:55.854312
5,pgoncalves_5,36,2026-01-20T16:44:55.854312
38,luna17_38,36,2026-01-19T14:44:55.854312
33,da-rochapedro-miguel_33,36,2026-01-21T08:44:55.854312
27,goncalvesbenjamim_27,36,2026-01-25T12:44:55.854312
2,rfernandes_2,36,2026-01-24T16:44:55.854312
1,alvesyan_1,36,2026-01-23T13:44:55.854312
10,ribeirolorena_10,36,2026-01-22T13:44:55.854312
4,pereiraluigi_4,36,2026-01-21T15:44:55.854312
6,qmoura_6,37,2026-02-01T17:44:55.854326
15,gustavo-henrique24_15,37,2026-02-01T12:44:55.854326
27,goncalvesbenjamim_27,37,2026-02-03T08:44:55.854326
36,rebecagarcia_36,37,2026-01-29T16:44:55.854326
18,luiz-gustavojesus_18,37,2026-02-02T08:44:55.854326
31,ucavalcanti_31,37,2026-01-30T22:44:55.854326
19,pietroalves_19,37,2026-02-03T16:44:55.854326
35,da-cunhamaria-liz_35,37,2026-01-28T19:44:55.854326
33,da-rochapedro-miguel_33,37,2026-02-01T18:44:55.854326
16,viniciuscastro_16,37,2026-01-31T00:44:55.854326
25,raquel73_25,37,2026-02-02T07:44:55.854326
2,rfernandes_2,37,2026-02-01T11:44:55.854326
32,mariahcunha_32,37,2026-02-02T15:44:55.854326
7,natalia93_7,38,2026-01-06T02:44:55.854340
42,dda-cruz_42,38,2026-01-06T14:44:55.854340
20,luiza98_20,38,2026-01-03T00:44:55.854340
22,cmacedo_22,38,2026-01-01T04:44:55.854340
10,ribeirolorena_10,38,2026-01-05T19:44:55.854340
41,liamdas-neves_41,38,2026-01-03T05:44:55.854340
6,qmoura_6,38,2026-01-04T22:44:55.854340
50,vda-rocha_50,38,2026-01-03T20:44:55.854340
36,rebecagarcia_36,38,2026-01-04T03:44:55.854340
11,aragaovalentina_11,38,2026-01-02T03:44:55.854340
14,kpinto_14,38,2025-12-31T22:44:55.854340
32,mariahcunha_32,38,2026-01-03T23:44:55.854340
38,luna17_38,38,2026-01-06T13:44:55.854340
16,viniciuscastro_16,38,2026-01-06T22:44:55.854340
44,mayaandrade_44,38,2026-01-04T21:44:55.854340
46,duartedaniel_46,38,2025-12-31T14:44:55.854340
26,teixeiragabrielly_26,38,2026-01-03T09:44:55.854340
31,ucavalcanti_31,38,2026-01-02T18:44:55.854340
32,mariahcunha_32,39,2025-12-22T16:44:55.854353
35,da-cunhamaria-liz_35,39,2025-12-24T06:44:55.854353
50,vda-rocha_50,39,2025-12-28T02:44:55.854353
21,natalia46_21,39,2025-12-23T20:44:55.854353
42,dda-cruz_42,39,2025-12-24T07:44:55.854353
16,viniciuscastro_16,39,2025-12-24T15:44:55.854353
47,rda-paz_47,39,2025-12-27T05:44:55.854353
30,pastorryan_30,39,2025-12-23T18:44:55.854353
31,ucavalcanti_31,39,2025-12-22T22:44:55.854353
33,da-rochapedro-miguel_33,39,2025-12-27T01:44:55.854353
36,rebecagarcia_36,39,2025-12-27T19:44:55.854353
6,qmoura_6,39,2025-12-24T08:44:55.854353
7,natalia93_7,39,2025-12-29T05:44:55.854353
28,souzavalentina_28,39,2025-12-28T03:44:55.854353
5,pgoncalves_5,39,2025-12-27T17:44:55.854353
25,raquel73_25,39,2025-12-24T00:44:55.854353
9,anthony-gabrielbarbosa_9,39,2025-12-28T09:44:55.854353
26,teixeiragabrielly_26,40,2026-02-01T11:44:55.854366
1,alvesyan_1,40,2026-01-27T07:44:55.854366
19,pietroalves_19,40,2026-01-27T01:44:55.854366
8,jose-miguelribeiro_8,40,2026-01-28T15:44:55.854366
28,souzavalentina_28,40,2026-01-31T02:44:55.854366
48,ada-mota_48,40,2026-01-27T17:44:55.854366
44,mayaandrade_44,40,2026-02-01T02:44:55.854366
18,luiz-gustavojesus_18,40,2026-01-29T12:44:55.854366
34,maria-sophiada-mota_34,40,2026-01-31T01:44:55.854366
21,natalia46_21,40,2026-01-31T23:44:55.854366
40,igor68_40,40,2026-01-28T05:44:55.854366
24,jaragao_24,40,2026-01-30T13:44:55.854366
37,da-conceicaoalicia_37,40,2026-01-30T11:44:55.854366
22,cmacedo_22,41,2025-12-10T14:44:55.854380
48,ada-mota_48,41,2025-12-05T15:44:55.854380
47,rda-paz_47,41,2025-12-08T22:44:55.854380
9,anthony-gabrielbarbosa_9,41,2025-12-09T23:44:55.854380
11,aragaovalentina_11,41,2025-12-07T10:44:55.854380
34,maria-sophiada-mota_34,41,2025-12-07T03:44:55.854380
5,pgoncalves_5,42,2026-01-01T06:44:55.854394
1,alvesyan_1,42,2026-01-04T07:44:55.854394
20,luiza98_20,42,2026-01-03T12:44:55.854394
45,odias_45,42,2025-12-30T22:44:55.854394
13,isiscampos_13,42,2026-01-01T05:44:55.854394
46,duartedaniel_46,42,2026-01-04T05:44:55.854394
7,natalia93_7,42,2025-12-28T16:44:55.854394
35,da-cunhamaria-liz_35,42,2025-12-30T14:44:55.854394
30,pastorryan_30,42,2025-12-31T11:44:55.854394
22,cmacedo_22,42,2025-12-31T13:44:55.854394
44,mayaandrade_44,42,2026-01-02T02:44:55.854394
4,pereiraluigi_4,42,2026-01-03T18:44:55.854394
42,dda-cruz_42,42,2025-12-31T19:44:55.854394
11,aragaovalentina_11,42,2026-01-01T11:44:55.854394
50,vda-rocha_50,42,2026-01-04T04:44:55.854394
17,ccardoso_17,43,2026-01-03T10:44:55.854409
36,rebecagarcia_36,43,2026-01-04T08:44:55.854409
35,da-cunhamaria-liz_35,43,2026-01-07T13:44:55.854409
42,dda-cruz_42,43,2026-01-02T15:44:55.854409
43,ccassiano_43,43,2026-01-02T21:44:55.854409
13,isiscampos_13,43,2026-01-07T02:44:55.854409
5,pgoncalves_5,43,2026-01-07T19:44:55.854409
38,luna17_38,43,2026-01-08T10:44:55.854409
10,ribeirolorena_10,43,2026-01-05T15:44:55.854409
7,natalia93_7,43,2026-01-05T01:44:55.854409
14,kpinto_14,43,2026-01-07T16:44:55.854409
18,luiz-gustavojesus_18,43,2026-01-07T20:44:55.854409
18,luiz-gustavojesus_18,44,2025-12-10T00:44:55.854423
48,ada-mota_48,44,2025-12-13T23:44:55.854423
40,igor68_40,44,2025-12-13T05:44:55.854423
43,ccassiano_43,44,2025-12-13T01:44:55.854423
31,ucavalcanti_31,44,2025-12-13T13:44:55.854423
14,kpinto_14,44,2025-12-12T00:44:55.854423
11,aragaovalentina_11,44,2025-12-11T18:44:55.854423
1,alvesyan_1,44,2025-12-13T21:44:55.854423
15,gustavo-henrique24_15,44,2025-12-09T19:44:55.854423
45,odias_45,44,2025-12-11T02:44:55.854423
6,qmoura_6,44,2025-12-14T12:44:55.854423
10,ribeirolorena_10,44,2025-12-12T17:44:55.854423
39,maria-isismoreira_39,44,2025-12-12T13:44:55.854423
44,mayaandrade_44,44,2025-12-12T15:44:55.854423
46,duartedaniel_46,44,2025-12-13T14:44:55.854423
47,rda-paz_47,44,2025-12-12T07:44:55.854423
21,natalia46_21,44,2025-12-11T20:44:55.854423
5,pgoncalves_5,44,2025-12-14T02:44:55.854423
4,pereiraluigi_4,44,2025-12-11T22:44:55.854423
6,qmoura_6,45,2026-01-07T10:44:55.854436
39,maria-isismoreira_39,45,2026-01-05T19:44:55.854436
14,kpinto_14,45,2026-01-09T10:44:55.854436
11,aragaovalentina_11,45,2026-01-10T12:44:55.854436
41,liamdas-neves_41,45,2026-01-09T05:44:55.854436
18,luiz-gustavojesus_18,45,2026-01-10T01:44:55.854436
10,ribeirolorena_10,45,2026-01-07T19:44:55.854436
28,souzavalentina_28,45,2026-01-12T02:44:55.854436
36,rebecagarcia_36,45,2026-01-11T12:44:55.854436
29,maria-florsampaio_29,45,2026-01-07T13:44:55.854436
32,mariahcunha_32,45,2026-01-09T14:44:55.854436
17,ccardoso_17,45,2026-01-09T12:44:55.854436
8,jose-miguelribeiro_8,45,2026-01-07T10:44:55.854436
42,dda-cruz_42,45,2026-01-05T15:44:55.854436
43,ccassiano_43,45,2026-01-07T15:44:55.854436
23,oleao_23,45,2026-01-10T06:44:55.854436
34,maria-sophiada-mota_34,46,2025-12-20T00:44:55.854450
13,isiscampos_13,46,2025-12-16T10:44:55.854450
1,alvesyan_1,46,2025-12-13T21:44:55.854450
38,luna17_38,46,2025-12-20T10:44:55.854450
20,luiza98_20,46,2025-12-16T11:44:55.854450
22,cmacedo_22,46,2025-12-20T09:44:55.854450
7,natalia93_7,46,2025-12-18T15:44:55.854450
24,jaragao_24,46,2025-12-17T18:44:55.854450
17,ccardoso_17,46,2025-12-14T00:44:55.854450
33,da-rochapedro-miguel_33,46,2025-12-16T05:44:55.854450
48,ada-mota_48,46,2025-12-16T11:44:55.854450
4,pereiraluigi_4,47,2026-01-19T00:44:55.854464
37,da-conceicaoalicia_37,47,2026-01-15T19:44:55.854464
2,rfernandes_2,47,2026-01-15T03:44:55.854464
46,duartedaniel_46,47,2026-01-19T06:44:55.854464
31,ucavalcanti_31,47,2026-01-21T08:44:55.854464
39,maria-isismoreira_39,47,2026-01-15T04:44:55.854464
41,liamdas-neves_41,47,2026-01-17T21:44:55.854464
30,pastorryan_30,47,2026-01-15T13:44:55.854464
32,mariahcunha_32,47,2026-01-20T08:44:55.854464
12,mcassiano_12,47,2026-01-17T12:44:55.854464
47,rda-paz_47,47,2026-01-16T14:44:55.854464
35,da-cunhamaria-liz_35,47,2026-01-21T12:44:55.854464
7,natalia93_7,47,2026-01-21T02:44:55.854464
3,novaesana-beatriz_3,47,2026-01-14T17:44:55.854464
24,jaragao_24,47,2026-01-18T02:44:55.854464
48,ada-mota_48,47,2026-01-17T22:44:55.854464
10,ribeirolorena_10,47,2026-01-16T08:44:55.854464
44,mayaandrade_44,47,2026-01-20T19:44:55.854464
9,anthony-gabrielbarbosa_9,47,2026-01-18T10:44:55.854464
49,lunna09_49,47,2026-01-20T01:44:55.854464
27,goncalvesbenjamim_27,49,2026-01-17T00:44:55.854492
43,ccassiano_43,49,2026-01-19T11:44:55.854492
49,lunna09_49,49,2026-01-23T00:44:55.854492
4,pereiraluigi_4,49,2026-01-18T15:44:55.854492
5,pgoncalves_5,49,2026-01-21T22:44:55.854492
13,isiscampos_13,49,2026-01-20T21:44:55.854492
33,da-rochapedro-miguel_33,49,2026-01-18T09:44:55.854492
10,ribeirolorena_10,49,2026-01-23T07:44:55.854492
18,luiz-gustavojesus_18,49,2026-01-16T13:44:55.854492
6,qmoura_6,49,2026-01-19T20:44:55.854492
12,mcassiano_12,49,2026-01-19T11:44:55.854492
29,maria-florsampaio_29,49,2026-01-22T12:44:55.854492
8,jose-miguelribeiro_8,50,2026-01-14T11:44:55.854505
22,cmacedo_22,50,2026-01-13T11:44:55.854505
30,pastorryan_30,50,2026-01-14T12:44:55.854505
37,da-conceicaoalicia_37,50,2026-01-15T22:44:55.854505
45,odias_45,50,2026-01-18T20:44:55.854505
6,qmoura_6,50,2026-01-19T05:44:55.854505
47,rda-paz_47,50,2026-01-12T18:44:55.854505
48,ada-mota_48,50,2026-01-14T08:44:55.854505
46,duartedaniel_46,50,2026-01-12T15:44:55.854505
50,vda-rocha_50,50,2026-01-14T20:44:55.854505
42,dda-cruz_42,50,2026-01-19T08:44:55.854505
30,pastorryan_30,51,2026-01-05T14:44:55.854518
6,qmoura_6,51,2026-01-04T14:44:55.854518
47,rda-paz_47,51,2026-01-03T10:44:55.854518
16,viniciuscastro_16,51,2026-01-04T12:44:55.854518
20,luiza98_20,51,2026-01-03T00:44:55.854518
44,mayaandrade_44,51,2026-01-07T13:44:55.854518
42,dda-cruz_42,51,2026-01-04T21:44:55.854518
13,isiscampos_13,51,2026-01-05T22:44:55.854518
9,anthony-gabrielbarbosa_9,51,2026-01-03T22:44:55.854518
46,duartedaniel_46,51,2026-01-03T13:44:55.854518
4,pereiraluigi_4,51,2026-01-04T10:44:55.854518
12,mcassiano_12,52,2025-12-25T12:44:55.854533
19,pietroalves_19,52,2025-12-29T18:44:55.854533
17,ccardoso_17,52,2025-12-28T07:44:55.854533
45,odias_45,52,2025-12-30T17:44:55.854533
29,maria-florsampaio_29,52,2025-12-28T10:44:55.854533
48,ada-mota_48,52,2025-12-28T06:44:55.854533
34,maria-sophiada-mota_34,53,2026-02-08T00:44:55.854547
29,maria-florsampaio_29,53,2026-02-04T18:44:55.854547
41,liamdas-neves_41,53,2026-02-05T07:44:55.854547
44,mayaandrade_44,53,2026-02-04T20:44:55.854547
11,aragaovalentina_11,53,2026-02-07T12:44:55.854547
3,novaesana-beatriz_3,53,2026-02-05T07:44:55.854547
38,luna17_38,53,2026-02-02T21:44:55.854547
25,raquel73_25,53,2026-02-03T18:44:55.854547
10,ribeirolorena_10,53,2026-02-08T01:44:55.854547
35,da-cunhamaria-liz_35,53,2026-02-09T13:44:55.854547
37,da-conceicaoalicia_37,53,2026-02-09T06:44:55.854547
14,kpinto_14,53,2026-02-04T12:44:55.854547
28,souzavalentina_28,53,2026-02-07T14:44:55.854547
23,oleao_23,53,2026-02-04T00:44:55.854547
19,pietroalves_19,53,2026-02-07T12:44:55.854547
39,maria-isismoreira_39,53,2026-02-08T19:44:55.854547
22,cmacedo_22,53,2026-02-05T23:44:55.854547
33,da-rochapedro-miguel_33,53,2026-02-06T12:44:55.854547
18,luiz-gustavojesus_18,53,2026-02-08T13:44:55.854547
45,odias_45,53,2026-02-06T13:44:55.854547
3,novaesana-beatriz_3,54,2026-01-23T08:44:55.854561
21,natalia46_21,54,2026-01-19T12:44:55.854561
45,odias_45,54,2026-01-17T18:44:55.854561
7,natalia93_7,54,2026-01-22T05:44:55.854561
41,liamdas-neves_41,54,2026-01-24T02:44:55.854561
23,oleao_23,54,2026-01-22T09:44:55.854561
1,alvesyan_1,54,2026-01-23T20:44:55.854561
11,aragaovalentina_11,54,2026-01-23T16:44:55.854561
27,goncalvesbenjamim_27,54,2026-01-22T04:44:55.854561
31,ucavalcanti_31,54,2026-01-21T19:44:55.854561
22,cmacedo_22,54,2026-01-22T14:44:55.854561
40,igor68_40,54,2026-01-20T03:44:55.854561
47,rda-paz_47,54,2026-01-20T05:44:55.854561
12,mcassiano_12,54,2026-01-21T12:44:55.854561
48,ada-mota_48,54,2026-01-23T22:44:55.854561
20,luiza98_20,54,2026-01-21T03:44:55.854561
43,ccassiano_43,54,2026-01-22T16:44:55.854561
30,pastorryan_30,54,2026-01-21T19:44:55.854561
3,novaesana-beatriz_3,55,2025-12-25T20:44:55.854575
15,gustavo-henrique24_15,55,2025-12-19T20:44:55.854575
33,da-rochapedro-miguel_33,55,2025-12-21T06:44:55.854575
7,natalia93_7,55,2025-12-25T00:44:55.854575
27,goncalvesbenjamim_27,55,2025-12-21T07:44:55.854575
28,souzavalentina_28,55,2025-12-22T17:44:55.854575
18,luiz-gustavojesus_18,55,2025-12-25T21:44:55.854575
37,da-conceicaoalicia_37,55,2025-12-25T03:44:55.854575
26,teixeiragabrielly_26,55,2025-12-21T15:44:55.854575
49,lunna09_49,56,2026-02-01T18:44:55.854601
9,anthony-gabrielbarbosa_9,56,2026-02-01T19:44:55.854601
50,vda-rocha_50,56,2026-01-30T09:44:55.854601
43,ccassiano_43,56,2026-01-31T12:44:55.854601
22,cmacedo_22,56,2026-02-01T01:44:55.854601
4,pereiraluigi_4,56,2026-01-31T17:44:55.854601
6,qmoura_6,56,2026-02-03T04:44:55.854601
20,luiza98_20,56,2026-01-30T12:44:55.854601
10,ribeirolorena_10,56,2026-02-01T03:44:55.854601
23,oleao_23,56,2026-01-31T04:44:55.854601
30,pastorryan_30,56,2026-02-04T11:44:55.854601
26,teixeiragabrielly_26,56,2026-02-02T12:44:55.854601
11,aragaovalentina_11,56,2026-01-29T14:44:55.854601
40,igor68_40,56,2026-02-03T15:44:55.854601
1,alvesyan_1,56,2026-01-31T05:44:55.854601
42,dda-cruz_42,56,2026-02-02T05:44:55.854601
13,isiscampos_13,56,2026-01-30T14:44:55.854601
12,mcassiano_12,56,2026-02-03T13:44:55.854601
44,mayaandrade_44,57,2026-01-01T01:44:55.854615
26,teixeiragabrielly_26,57,2026-01-02T21:44:55.854615
45,odias_45,57,2025-12-31T17:44:55.854615
14,kpinto_14,57,2026-01-02T05:44:55.854615
31,ucavalcanti_31,57,2025-12-28T07:44:55.854615
43,ccassiano_43,57,2025-12-31T05:44:55.854615
25,raquel73_25,57,2026-01-01T18:44:55.854615
30,pastorryan_30,57,2026-01-02T19:44:55.854615
16,viniciuscastro_16,57,2025-12-27T19:44:55.854615
7,natalia93_7,57,2025-12-29T21:44:55.854615
50,vda-rocha_50,57,2026-01-03T00:44:55.854615
9,anthony-gabrielbarbosa_9,57,2025-12-29T10:44:55.854615
21,natalia46_21,57,2025-12-30T01:44:55.854615
39,maria-isismoreira_39,57,2025-12-31T11:44:55.854615
49,lunna09_49,57,2025-12-31T09:44:55.854615
38,luna17_38,57,2025-12-31T04:44:55.854615
19,pietroalves_19,57,2026-01-01T21:44:55.854615
39,maria-isismoreira_39,59,2026-01-23T13:44:55.854644
49,lunna09_49,59,2026-01-23T20:44:55.854644
26,teixeiragabrielly_26,59,2026-01-24T16:44:55.854644
5,pgoncalves_5,59,2026-01-25T16:44:55.854644
42,dda-cruz_42,59,2026-01-20T21:44:55.854644
15,gustavo-henrique24_15,59,2026-01-23T07:44:55.854644
9,anthony-gabrielbarbosa_9,59,2026-01-25T00:44:55.854644
32,mariahcunha_32,59,2026-01-22T10:44:55.854644
13,isiscampos_13,59,2026-01-22T06:44:55.854644
3,novaesana-beatriz_3,59,2026-01-24T18:44:55.854644
14,kpinto_14,59,2026-01-26T01:44:55.854644
20,luiza98_20,59,2026-01-21T16:44:55.854644
28,souzavalentina_28,59,2026-01-25T12:44:55.854644
6,qmoura_6,59,2026-01-21T10:44:55.854644
22,cmacedo_22,59,2026-01-24T05:44:55.854644
25,raquel73_25,59,2026-01-21T14:44:55.854644
12,mcassiano_12,59,2026-01-27T12:44:55.854644
38,luna17_38,59,2026-01-24T20:44:55.854644
10,ribeirolorena_10,59,2026-01-20T16:44:55.854644
21,natalia46_21,60,2025-12-20T09:44:55.854658
9,anthony-gabrielbarbosa_9,60,2025-12-15T15:44:55.854658
37,da-conceicaoalicia_37,60,2025-12-20T17:44:55.854658
33,da-rochapedro-miguel_33,60,2025-12-22T12:44:55.854658
25,raquel73_25,60,2025-12-19T19:44:55.854658
50,vda-rocha_50,61,2025-12-23T05:44:55.854672
4,pereiraluigi_4,61,2025-12-21T10:44:55.854672
20,luiza98_20,61,2025-12-18T17:44:55.854672
28,souzavalentina_28,61,2025-12-19T10:44:55.854672
17,ccardoso_17,61,2025-12-22T01:44:55.854672
41,liamdas-neves_41,61,2025-12-23T05:44:55.854672
8,jose-miguelribeiro_8,61,2025-12-21T15:44:55.854672
39,maria-isismoreira_39,61,2025-12-18T09:44:55.854672
29,maria-florsampaio_29,61,2025-12-19T03:44:55.854672
33,da-rochapedro-miguel_33,61,2025-12-17T14:44:55.854672
24,jaragao_24,61,2025-12-21T03:44:55.854672
31,ucavalcanti_31,61,2025-12-23T20:44:55.854672
22,cmacedo_22,61,2025-12-20T07:44:55.854672
33,da-rochapedro-miguel_33,62,2025-12-18T11:44:55.854687
40,igor68_40,62,2025-12-16T13:44:55.854687
47,rda-paz_47,62,2025-12-13T23:44:55.854687
30,pastorryan_30,62,2025-12-14T20:44:55.854687
28,souzavalentina_28,62,2025-12-18T18:44:55.854687
4,pereiraluigi_4,62,2025-12-18T10:44:55.854687
4,pereiraluigi_4,63,2026-01-24T10:44:55.854702
39,maria-isismoreira_39,63,2026-01-25T16:44:55.854702
44,mayaandrade_44,63,2026-01-26T08:44:55.854702
24,jaragao_24,63,2026-01-26T23:44:55.854702
17,ccardoso_17,63,2026-01-22T17:44:55.854702
28,souzavalentina_28,63,2026-01-27T07:44:55.854702
22,cmacedo_22,63,2026-01-26T00:44:55.854702
19,pietroalves_19,63,2026-01-25T17:44:55.854702
2,rfernandes_2,63,2026-01-29T07:44:55.854702
35,da-cunhamaria-liz_35,63,2026-01-22T22:44:55.854702
18,luiz-gustavojesus_18,63,2026-01-28T21:44:55.854702
23,oleao_23,64,2025-12-15T05:44:55.854716
47,rda-paz_47,64,2025-12-13T18:44:55.854716
3,novaesana-beatriz_3,64,2025-12-12T04:44:55.854716
6,qmoura_6,65,2026-01-29T02:44:55.854729
35,da-cunhamaria-liz_35,65,2026-02-03T07:44:55.854729
7,natalia93_7,65,2026-02-01T19:44:55.854729
9,anthony-gabrielbarbosa_9,65,2026-02-01T03:44:55.854729
47,rda-paz_47,65,2026-01-30T11:44:55.854729
30,pastorryan_30,66,2026-01-19T22:44:55.854744
45,odias_45,66,2026-01-21T02:44:55.854744
40,igor68_40,66,2026-01-26T00:44:55.854744
16,viniciuscastro_16,66,2026-01-26T08:44:55.854744
34,maria-sophiada-mota_34,66,2026-01-20T14:44:55.854744
37,da-conceicaoalicia_37,66,2026-01-23T14:44:55.854744
50,vda-rocha_50,66,2026-01-25T00:44:55.854744
3,novaesana-beatriz_3,66,2026-01-20T09:44:55.854744
5,pgoncalves_5,66,2026-01-23T03:44:55.854744
21,natalia46_21,66,2026-01-26T08:44:55.854744
24,jaragao_24,66,2026-01-22T18:44:55.854744
26,teixeiragabrielly_26,67,2026-01-20T07:44:55.854757
2,rfernandes_2,67,2026-01-17T03:44:55.854757
12,mcassiano_12,67,2026-01-15T01:44:55.854757
17,ccardoso_17,67,2026-01-18T12:44:55.854757
42,dda-cruz_42,67,2026-01-20T15:44:55.854757
6,qmoura_6,67,2026-01-19T14:44:55.854757
28,souzavalentina_28,67,2026-01-16T20:44:55.854757
8,jose-miguelribeiro_8,67,2026-01-19T04:44:55.854757
13,isiscampos_13,67,2026-01-17T11:44:55.854757
37,da-conceicaoalicia_37,67,2026-01-16T12:44:55.854757
47,rda-paz_47,67,2026-01-17T11:44:55.854757
20,luiza98_20,67,2026-01-19T21:44:55.854757
33,da-rochapedro-miguel_33,67,2026-01-15T00:44:55.854757
26,teixeiragabrielly_26,68,2026-01-25T00:44:55.854772
12,mcassiano_12,68,2026-01-23T21:44:55.854772
44,mayaandrade_44,68,2026-01-22T05:44:55.854772
19,pietroalves_19,68,2026-01-28T01:44:55.854772
18,luiz-gustavojesus_18,68,2026-01-24T14:44:55.854772
1,alvesyan_1,68,2026-01-28T00:44:55.854772
27,goncalvesbenjamim_27,68,2026-01-26T10:44:55.854772
14,kpinto_14,68,2026-01-27T19:44:55.854772
2,rfernandes_2,68,2026-01-26T00:44:55.854772
48,ada-mota_48,68,2026-01-28T07:44:55.854772
9,anthony-gabrielbarbosa_9,68,2026-01-27T21:44:55.854772
46,duartedaniel_46,68,2026-01-25T01:44:55.854772
39,maria-isismoreira_39,68,2026-01-27T07:44:55.854772
30,pastorryan_30,68,2026-01-25T16:44:55.854772
21,natalia46_21,68,2026-01-26T14:44:55.854772
7,natalia93_7,68,2026-01-27T11:44:55.854772
15,gustavo-henrique24_15,68,2026-01-21T16:44:55.854772
34,maria-sophiada-mota_34,68,2026-01-25T04:44:55.854772
42,dda-cruz_42,68,2026-01-25T04:44:55.854772
23,oleao_23,69,2025-12-19T20:44:55.854786
29,maria-florsampaio_29,69,2025-12-15T21:44:55.854786
10,ribeirolorena_10,69,2025-12-21T15:44:55.854786
30,pastorryan_30,69,2025-12-16T09:44:55.854786
32,mariahcunha_32,69,2025-12-22T06:44:55.854786
14,kpinto_14,69,2025-12-20T17:44:55.854786
35,da-cunhamaria-liz_35,69,2025-12-21T12:44:55.854786
11,aragaovalentina_11,69,2025-12-19T05:44:55.854786
25,raquel73_25,69,2025-12-16T10:44:55.854786
17,ccardoso_17,69,2025-12-17T18:44:55.854786
24,jaragao_24,70,2026-01-08T18:44:55.854800
20,luiza98_20,70,2026-01-11T13:44:55.854800
19,pietroalves_19,70,2026-01-14T11:44:55.854800
21,natalia46_21,70,2026-01-13T18:44:55.854800
29,maria-florsampaio_29,70,2026-01-11T01:44:55.854800
44,mayaandrade_44,70,2026-01-12T13:44:55.854800
30,pastorryan_30,70,2026-01-14T06:44:55.854800
2,rfernandes_2,70,2026-01-09T22:44:55.854800
10,ribeirolorena_10,70,2026-01-12T13:44:55.854800
40,igor68_40,70,2026-01-15T00:44:55.854800
38,luna17_38,70,2026-01-09T20:44:55.854800
11,aragaovalentina_11,70,2026-01-09T13:44:55.854800
23,oleao_23,70,2026-01-12T18:44:55.854800
37,da-conceicaoalicia_37,70,2026-01-10T20:44:55.854800
28,souzavalentina_28,70,2026-01-10T19:44:55.854800
27,goncalvesbenjamim_27,70,2026-01-09T17:44:55.854800
19,pietroalves_19,71,2025-12-12T20:44:55.854815
12,mcassiano_12,71,2025-12-13T19:44:55.854815
11,aragaovalentina_11,71,2025-12-13T11:44:55.854815
26,teixeiragabrielly_26,71,2025-12-11T14:44:55.854815
36,rebecagarcia_36,71,2025-12-13T08:44:55.854815
27,goncalvesbenjamim_27,71,2025-12-10T05:44:55.854815
23,oleao_23,71,2025-12-10T10:44:55.854815
14,kpinto_14,71,2025-12-12T19:44:55.854815
45,odias_45,71,2025-12-11T14:44:55.854815
39,maria-isismoreira_39,71,2025-12-08T13:44:55.854815
18,luiz-gustavojesus_18,71,2025-12-14T05:44:55.854815
21,natalia46_21,71,2025-12-12T02:44:55.854815
24,jaragao_24,71,2025-12-13T11:44:55.854815
7,natalia93_7,71,2025-12-15T12:44:55.854815
41,liamdas-neves_41,71,2025-12-10T09:44:55.854815
33,da-rochapedro-miguel_33,71,2025-12-09T14:44:55.854815
47,rda-paz_47,71,2025-12-12T15:44:55.854815
15,gustavo-henrique24_15,71,2025-12-14T17:44:55.854815
27,goncalvesbenjamim_27,72,2026-02-07T05:44:55.854830
50,vda-rocha_50,72,2026-02-05T13:44:55.854830
49,lunna09_49,72,2026-02-01T12:44:55.854830
13,isiscampos_13,72,2026-02-04T11:44:55.854830
41,liamdas-neves_41,72,2026-01-31T18:44:55.854830
2,rfernandes_2,72,2026-02-06T22:44:55.854830
40,igor68_40,72,2026-02-07T12:44:55.854830
15,gustavo-henrique24_15,72,2026-02-04T16:44:55.854830
9,anthony-gabrielbarbosa_9,72,2026-02-06T10:44:55.854830
44,mayaandrade_44,72,2026-02-05T23:44:55.854830
46,duartedaniel_46,72,2026-02-02T14:44:55.854830
33,da-rochapedro-miguel_33,72,2026-02-02T06:44:55.854830
6,qmoura_6,72,2026-02-05T10:44:55.854830
37,da-conceicaoalicia_37,72,2026-02-04T11:44:55.854830
48,ada-mota_48,72,2026-02-03T02:44:55.854830
45,odias_45,72,2026-02-02T09:44:55.854830
21,natalia46_21,72,2026-02-05T13:44:55.854830
16,viniciuscastro_16,72,2026-02-02T16:44:55.854830
11,aragaovalentina_11,72,2026-02-03T23:44:55.854830
19,pietroalves_19,72,2026-02-01T22:44:55.854830
5,pgoncalves_5,73,2025-12-21T02:44:55.854843
2,rfernandes_2,73,2025-12-20T10:44:55.854843
14,kpinto_14,73,2025-12-23T11:44:55.854843
37,da-conceicaoalicia_37,73,2025-12-23T21:44:55.854843
30,pastorryan_30,73,2025-12-25T09:44:55.854843
46,duartedaniel_46,73,2025-12-19T17:44:55.854843
16,viniciuscastro_16,73,2025-12-24T23:44:55.854843
39,maria-isismoreira_39,73,2025-12-22T01:44:55.854843
29,maria-florsampaio_29,73,2025-12-20T05:44:55.854843
30,pastorryan_30,74,2026-01-30T21:44:55.854857
47,rda-paz_47,74,2026-02-01T02:44:55.854857
5,pgoncalves_5,74,2026-01-31T13:44:55.854857
1,alvesyan_1,74,2026-01-30T15:44:55.854857
3,novaesana-beatriz_3,74,2026-01-27T07:44:55.854857
44,mayaandrade_44,74,2026-01-30T23:44:55.854857
45,odias_45,74,2026-01-29T07:44:55.854857
8,jose-miguelribeiro_8,75,2026-01-18T20:44:55.854874
46,duartedaniel_46,75,2026-01-18T15:44:55.854874
39,maria-isismoreira_39,75,2026-01-19T02:44:55.854874
42,dda-cruz_42,75,2026-01-20T08:44:55.854874
35,da-cunhamaria-liz_35,75,2026-01-23T17:44:55.854874
2,rfernandes_2,75,2026-01-18T17:44:55.854874
29,maria-florsampaio_29,75,2026-01-19T08:44:55.854874
31,ucavalcanti_31,75,2026-01-21T10:44:55.854874
4,pereiraluigi_4,75,2026-01-21T22:44:55.854874
19,pietroalves_19,75,2026-01-24T13:44:55.854874
26,teixeiragabrielly_26,75,2026-01-21T03:44:55.854874
3,novaesana-beatriz_3,75,2026-01-19T01:44:55.854874
24,jaragao_24,75,2026-01-20T03:44:55.854874
40,igor68_40,75,2026-01-22T16:44:55.854874
33,da-rochapedro-miguel_33,75,2026-01-19T18:44:55.854874
44,mayaandrade_44,75,2026-01-20T08:44:55.854874
28,souzavalentina_28,75,2026-01-18T13:44:55.854874
42,dda-cruz_42,76,2026-01-05T06:44:55.854898
45,odias_45,76,2026-01-04T01:44:55.854898
5,pgoncalves_5,76,2026-01-05T08:44:55.854898
30,pastorryan_30,76,2026-01-03T07:44:55.854898
46,duartedaniel_46,76,2026-01-06T14:44:55.854898
32,mariahcunha_32,76,2026-01-03T11:44:55.854898
16,viniciuscastro_16,76,2026-01-06T21:44:55.854898
17,ccardoso_17,76,2025-12-31T22:44:55.854898
22,cmacedo_22,76,2026-01-02T00:44:55.854898
19,pietroalves_19,76,2026-01-02T02:44:55.854898
19,pietroalves_19,77,2025-12-19T02:44:55.854918
2,rfernandes_2,77,2025-12-24T00:44:55.854918
15,gustavo-henrique24_15,77,2025-12-20T15:44:55.854918
24,jaragao_24,77,2025-12-21T15:44:55.854918
37,da-conceicaoalicia_37,77,2025-12-20T06:44:55.854918
47,rda-paz_47,77,2025-12-24T08:44:55.854918
50,vda-rocha_50,77,2025-12-19T23:44:55.854918
20,luiza98_20,77,2025-12-17T20:44:55.854918
11,aragaovalentina_11,77,2025-12-19T19:44:55.854918
46,duartedaniel_46,77,2025-12-23T18:44:55.854918
43,ccassiano_43,77,2025-12-20T18:44:55.854918
31,ucavalcanti_31,77,2025-12-19T02:44:55.854918
29,maria-florsampaio_29,77,2025-12-23T18:44:55.854918
44,mayaandrade_44,77,2025-12-17T16:44:55.854918
10,ribeirolorena_10,77,2025-12-20T07:44:55.854918
9,anthony-gabrielbarbosa_9,77,2025-12-21T10:44:55.854918
48,ada-mota_48,78,2025-12-11T10:44:55.854941
34,maria-sophiada-mota_34,78,2025-12-06T08:44:55.854941
26,teixeiragabrielly_26,78,2025-12-10T03:44:55.854941
31,ucavalcanti_31,78,2025-12-09T16:44:55.854941
40,igor68_40,78,2025-12-06T09:44:55.854941
11,aragaovalentina_11,78,2025-12-09T16:44:55.854941
23,oleao_23,78,2025-12-08T14:44:55.854941
42,dda-cruz_42,78,2025-12-04T16:44:55.854941
10,ribeirolorena_10,78,2025-12-05T05:44:55.854941
38,luna17_38,78,2025-12-08T04:44:55.854941
33,da-rochapedro-miguel_33,78,2025-12-06T22:44:55.854941
21,natalia46_21,78,2025-12-07T20:44:55.854941
49,lunna09_49,78,2025-12-06T17:44:55.854941
24,jaragao_24,78,2025-12-06T22:44:55.854941
25,raquel73_25,78,2025-12-06T03:44:55.854941
32,mariahcunha_32,78,2025-12-07T12:44:55.854941
50,vda-rocha_50,79,2025-12-15T22:44:55.854966
47,rda-paz_47,79,2025-12-11T06:44:55.854966
8,jose-miguelribeiro_8,79,2025-12-13T10:44:55.854966
42,dda-cruz_42,79,2025-12-16T10:44:55.854966
13,isiscampos_13,79,2025-12-16T05:44:55.854966
23,oleao_23,79,2025-12-16T06:44:55.854966
32,mariahcunha_32,79,2025-12-11T09:44:55.854966
30,pastorryan_30,79,2025-12-11T03:44:55.854966
37,da-conceicaoalicia_37,79,2025-12-15T07:44:55.854966
41,liamdas-neves_41,79,2025-12-16T14:44:55.854966
1,alvesyan_1,79,2025-12-16T02:44:55.854966
34,maria-sophiada-mota_34,79,2025-12-13T04:44:55.854966
15,gustavo-henrique24_15,79,2025-12-13T03:44:55.854966
46,duartedaniel_46,79,2025-12-13T06:44:55.854966
24,jaragao_24,79,2025-12-12T11:44:55.854966
3,novaesana-beatriz_3,79,2025-12-17T11:44:55.854966
26,teixeiragabrielly_26,79,2025-12-13T03:44:55.854966
7,natalia93_7,79,2025-12-12T23:44:55.854966
22,cmacedo_22,79,2025-12-15T09:44:55.854966
3,novaesana-beatriz_3,80,2026-01-16T13:44:55.854990
39,maria-isismoreira_39,80,2026-01-15T05:44:55.854990
18,luiz-gustavojesus_18,80,2026-01-15T22:44:55.854990
36,rebecagarcia_36,80,2026-01-20T02:44:55.854990
6,qmoura_6,80,2026-01-17T18:44:55.854990
14,kpinto_14,81,2026-01-17T23:44:55.855013
38,luna17_38,82,2025-12-23T02:44:55.855035
49,lunna09_49,82,2025-12-25T22:44:55.855035
50,vda-rocha_50,82,2025-12-29T07:44:55.855035
31,ucavalcanti_31,82,2025-12-23T07:44:55.855035
30,pastorryan_30,82,2025-12-24T15:44:55.855035
7,natalia93_7,82,2025-12-27T15:44:55.855035
35,da-cunhamaria-liz_35,82,2025-12-23T18:44:55.855035
6,qmoura_6,83,2025-12-26T17:44:55.855058
31,ucavalcanti_31,83,2025-12-30T06:44:55.855058
13,isiscampos_13,83,2026-01-01T09:44:55.855058
7,natalia93_7,83,2025-12-27T14:44:55.855058
35,da-cunhamaria-liz_35,83,2025-12-31T19:44:55.855058
38,luna17_38,83,2026-01-01T07:44:55.855058
14,kpinto_14,83,2026-01-01T02:44:55.855058
39,maria-isismoreira_39,83,2025-12-30T09:44:55.855058
32,mariahcunha_32,83,2025-12-25T13:44:55.855058
20,luiza98_20,83,2025-12-28T05:44:55.855058
37,da-conceicaoalicia_37,83,2025-12-29T21:44:55.855058
1,alvesyan_1,83,2025-12-31T22:44:55.855058
45,odias_45,83,2025-12-28T10:44:55.855058
28,souzavalentina_28,83,2025-12-30T19:44:55.855058
12,mcassiano_12,84,2025-12-11T14:44:55.855084
22,cmacedo_22,84,2025-12-14T22:44:55.855084
33,da-rochapedro-miguel_33,84,2025-12-16T23:44:55.855084
31,ucavalcanti_31,84,2025-12-16T13:44:55.855084
48,ada-mota_48,84,2025-12-16T19:44:55.855084
19,pietroalves_19,84,2025-12-13T06:44:55.855084
42,dda-cruz_42,84,2025-12-13T10:44:55.855084
20,luiza98_20,84,2025-12-12T05:44:55.855084
17,ccardoso_17,84,2025-12-16T03:44:55.855084
35,da-cunhamaria-liz_35,84,2025-12-14T18:44:55.855084
16,viniciuscastro_16,84,2025-12-12T13:44:55.855084
49,lunna09_49,84,2025-12-16T06:44:55.855084
18,luiz-gustavojesus_18,84,2025-12-15T04:44:55.855084
36,rebecagarcia_36,84,2025-12-18T08:44:55.855084
46,duartedaniel_46,84,2025-12-17T06:44:55.855084
43,ccassiano_43,84,2025-12-13T11:44:55.855084
29,maria-florsampaio_29,84,2025-12-13T14:44:55.855084
8,jose-miguelribeiro_8,84,2025-12-12T16:44:55.855084
50,vda-rocha_50,84,2025-12-14T00:44:55.855084
40,igor68_40,84,2025-12-13T19:44:55.855084
33,da-rochapedro-miguel_33,85,2026-01-08T18:44:55.855110
20,luiza98_20,85,2026-01-12T15:44:55.855110
21,natalia46_21,85,2026-01-08T04:44:55.855110
34,maria-sophiada-mota_34,85,2026-01-09T23:44:55.855110
31,ucavalcanti_31,85,2026-01-08T05:44:55.855110
7,natalia93_7,85,2026-01-08T14:44:55.855110
44,mayaandrade_44,85,2026-01-10T18:44:55.855110
49,lunna09_49,85,2026-01-08T08:44:55.855110
40,igor68_40,85,2026-01-08T05:44:55.855110
43,ccassiano_43,86,2026-01-09T08:44:55.855130
11,aragaovalentina_11,86,2026-01-07T19:44:55.855130
21,natalia46_21,86,2026-01-09T01:44:55.855130
34,maria-sophiada-mota_34,86,2026-01-10T13:44:55.855130
31,ucavalcanti_31,86,2026-01-08T17:44:55.855130
42,dda-cruz_42,86,2026-01-08T23:44:55.855130
39,maria-isismoreira_39,86,2026-01-04T14:44:55.855130
27,goncalvesbenjamim_27,86,2026-01-08T20:44:55.855130
18,luiz-gustavojesus_18,86,2026-01-05T03:44:55.855130
15,gustavo-henrique24_15,86,2026-01-08T21:44:55.855130
17,ccardoso_17,86,2026-01-08T07:44:55.855130
46,duartedaniel_46,86,2026-01-11T10:44:55.855130
20,luiza98_20,86,2026-01-06T00:44:55.855130
24,jaragao_24,86,2026-01-09T09:44:55.855130
10,ribeirolorena_10,86,2026-01-07T11:44:55.855130
38,luna17_38,86,2026-01-04T17:44:55.855130
22,cmacedo_22,86,2026-01-06T16:44:55.855130
23,oleao_23,86,2026-01-06T18:44:55.855130
48,ada-mota_48,86,2026-01-07T06:44:55.855130
24,jaragao_24,87,2026-01-03T20:44:55.855150
2,rfernandes_2,87,2026-01-08T03:44:55.855150
21,natalia46_21,87,2026-01-06T21:44:55.855150
28,souzavalentina_28,87,2026-01-06T05:44:55.855150
25,raquel73_25,87,2026-01-04T11:44:55.855150
48,ada-mota_48,87,2026-01-02T16:44:55.855150
36,rebecagarcia_36,87,2026-01-02T08:44:55.855150
44,mayaandrade_44,87,2026-01-04T03:44:55.855150
13,isiscampos_13,87,2026-01-03T06:44:55.855150
47,rda-paz_47,88,2025-12-25T12:44:55.855170
31,ucavalcanti_31,88,2025-12-29T00:44:55.855170
50,vda-rocha_50,88,2025-12-28T19:44:55.855170
38,luna17_38,88,2025-12-26T13:44:55.855170
49,lunna09_49,88,2025-12-23T04:44:55.855170
3,novaesana-beatriz_3,88,2025-12-23T14:44:55.855170
43,ccassiano_43,88,2025-12-23T03:44:55.855170
25,raquel73_25,88,2025-12-29T08:44:55.855170
32,mariahcunha_32,88,2025-12-26T04:44:55.855170
16,viniciuscastro_16,88,2025-12-25T11:44:55.855170
24,jaragao_24,89,2025-12-27T03:44:55.855191
29,maria-florsampaio_29,89,2025-12-28T00:44:55.855191
19,pietroalves_19,89,2025-12-30T15:44:55.855191
8,jose-miguelribeiro_8,89,2025-12-30T08:44:55.855191
31,ucavalcanti_31,89,2025-12-27T07:44:55.855191
9,anthony-gabrielbarbosa_9,89,2025-12-30T11:44:55.855191
5,pgoncalves_5,89,2025-12-30T04:44:55.855191
21,natalia46_21,89,2025-12-27T15:44:55.855191
27,goncalvesbenjamim_27,89,2025-12-24T18:44:55.855191
10,ribeirolorena_10,89,2025-12-26T00:44:55.855191
41,liamdas-neves_41,89,2025-12-25T06:44:55.855191
38,luna17_38,89,2025-12-27T21:44:55.855191
20,luiza98_20,89,2025-12-28T09:44:55.855191
37,da-conceicaoalicia_37,89,2025-12-29T07:44:55.855191
13,isiscampos_13,89,2025-12-26T19:44:55.855191
6,qmoura_6,89,2025-12-26T12:44:55.855191
49,lunna09_49,89,2025-12-27T23:44:55.855191
15,gustavo-henrique24_15,90,2025-12-25T18:44:55.855213
30,pastorryan_30,90,2025-12-26T17:44:55.855213
24,jaragao_24,90,2025-12-22T01:44:55.855213
22,cmacedo_22,90,2025-12-27T04:44:55.855213
13,isiscampos_13,90,2025-12-22T04:44:55.855213
44,mayaandrade_44,90,2025-12-27T00:44:55.855213
17,ccardoso_17,90,2025-12-25T12:44:55.855213
45,odias_45,90,2025-12-21T17:44:55.855213
39,maria-isismoreira_39,90,2025-12-27T13:44:55.855213
2,rfernandes_2,90,2025-12-26T04:44:55.855213
9,anthony-gabrielbarbosa_9,90,2025-12-21T21:44:55.855213
8,jose-miguelribeiro_8,90,2025-12-26T22:44:55.855213
27,goncalvesbenjamim_27,90,2025-12-25T00:44:55.855213
28,souzavalentina_28,90,2025-12-27T06:44:55.855213
19,pietroalves_19,91,2026-02-08T01:44:55.855236
37,da-conceicaoalicia_37,91,2026-02-08T11:44:55.855236
22,cmacedo_22,91,2026-02-03T13:44:55.855236
41,liamdas-neves_41,91,2026-02-02T07:44:55.855236
5,pgoncalves_5,91,2026-02-06T03:44:55.855236
46,duartedaniel_46,91,2026-02-04T11:44:55.855236
49,lunna09_49,91,2026-02-06T12:44:55.855236
6,qmoura_6,91,2026-02-06T08:44:55.855236
36,rebecagarcia_36,91,2026-02-03T03:44:55.855236
8,jose-miguelribeiro_8,91,2026-02-08T11:44:55.855236
35,da-cunhamaria-liz_35,91,2026-02-05T01:44:55.855236
11,aragaovalentina_11,91,2026-02-02T07:44:55.855236
33,da-rochapedro-miguel_33,91,2026-02-03T11:44:55.855236
43,ccassiano_43,91,2026-02-08T10:44:55.855236
30,pastorryan_30,91,2026-02-07T16:44:55.855236
30,pastorryan_30,92,2025-12-14T16:44:55.855256
34,maria-sophiada-mota_34,92,2025-12-10T17:44:55.855256
45,odias_45,92,2025-12-10T15:44:55.855256
28,souzavalentina_28,92,2025-12-12T22:44:55.855256
2,rfernandes_2,92,2025-12-13T23:44:55.855256
26,teixeiragabrielly_26,92,2025-12-15T02:44:55.855256
37,da-conceicaoalicia_37,92,2025-12-12T03:44:55.855256
19,pietroalves_19,92,2025-12-13T07:44:55.855256
1,alvesyan_1,92,2025-12-12T22:44:55.855256
40,igor68_40,92,2025-12-16T18:44:55.855256
35,da-cunhamaria-liz_35,93,2025-12-30T02:44:55.855278
30,pastorryan_30,93,2025-12-30T17:44:55.855278
42,dda-cruz_42,93,2025-12-31T19:44:55.855278
43,ccassiano_43,93,2025-12-30T11:44:55.855278
13,isiscampos_13,93,2025-12-29T14:44:55.855278
37,da-conceicaoalicia_37,93,2025-12-28T19:44:55.855278
23,oleao_23,93,2026-01-03T05:44:55.855278
45,odias_45,93,2026-01-03T23:44:55.855278
10,ribeirolorena_10,93,2025-12-28T23:44:55.855278
46,duartedaniel_46,93,2025-12-29T21:44:55.855278
23,oleao_23,94,2026-01-07T05:44:55.855301
5,pgoncalves_5,94,2026-01-03T20:44:55.855301
21,natalia46_21,94,2026-01-06T13:44:55.855301
48,ada-mota_48,94,2026-01-02T19:44:55.855301
15,gustavo-henrique24_15,94,2026-01-07T06:44:55.855301
43,ccassiano_43,94,2026-01-04T18:44:55.855301
14,kpinto_14,94,2026-01-06T14:44:55.855301
13,isiscampos_13,94,2026-01-03T01:44:55.855301
20,luiza98_20,94,2026-01-07T07:44:55.855301
11,aragaovalentina_11,94,2026-01-07T05:44:55.855301
28,souzavalentina_28,94,2026-01-06T19:44:55.855301
18,luiz-gustavojesus_18,94,2026-01-04T15:44:55.855301
46,duartedaniel_46,94,2026-01-04T17:44:55.855301
44,mayaandrade_44,94,2026-01-06T14:44:55.855301
50,vda-rocha_50,94,2026-01-08T20:44:55.855301
2,rfernandes_2,94,2026-01-03T20:44:55.855301
9,anthony-gabrielbarbosa_9,94,2026-01-03T12:44:55.855301
33,da-rochapedro-miguel_33,95,2025-12-22T06:44:55.855324
38,luna17_38,95,2025-12-22T18:44:55.855324
47,rda-paz_47,95,2025-12-21T19:44:55.855324
34,maria-sophiada-mota_34,95,2025-12-25T18:44:55.855324
8,jose-miguelribeiro_8,95,2025-12-26T23:44:55.855324
48,ada-mota_48,96,2025-12-09T17:44:55.855346
21,natalia46_21,96,2025-12-13T09:44:55.855346
27,goncalvesbenjamim_27,96,2025-12-08T17:44:55.855346
13,isiscampos_13,96,2025-12-08T14:44:55.855346
14,kpinto_14,96,2025-12-12T14:44:55.855346
6,qmoura_6,96,2025-12-13T00:44:55.855346
33,da-rochapedro-miguel_33,96,2025-12-12T19:44:55.855346
24,jaragao_24,96,2025-12-09T14:44:55.855346
31,ucavalcanti_31,96,2025-12-12T07:44:55.855346
17,ccardoso_17,96,2025-12-12T09:44:55.855346
44,mayaandrade_44,96,2025-12-11T20:44:55.855346
28,souzavalentina_28,97,2026-01-25T17:44:55.855366
42,dda-cruz_42,97,2026-01-24T23:44:55.855366
42,dda-cruz_42,98,2026-01-23T13:44:55.855389
25,raquel73_25,98,2026-01-18T17:44:55.855389
47,rda-paz_47,99,2025-12-22T15:44:55.855409
42,dda-cruz_42,99,2025-12-23T21:44:55.855409
21,natalia46_21,99,2025-12-28T01:44:55.855409
3,novaesana-beatriz_3,99,2025-12-24T04:44:55.855409
10,ribeirolorena_10,99,2025-12-24T00:44:55.855409
16,viniciuscastro_16,99,2025-12-27T13:44:55.855409
12,mcassiano_12,99,2025-12-22T22:44:55.855409
37,da-conceicaoalicia_37,99,2025-12-23T04:44:55.855409
14,kpinto_14,100,2025-12-06T17:44:55.855430
48,ada-mota_48,100,2025-12-07T19:44:55.855430
43,ccassiano_43,100,2025-12-08T20:44:55.855430
19,pietroalves_19,100,2025-12-11T05:44:55.855430
24,jaragao_24,100,2025-12-08T12:44:55.855430
40,igor68_40,100,2025-12-07T08:44:55.855430
27,goncalvesbenjamim_27,100,2025-12-11T04:44:55.855430
11,aragaovalentina_11,100,2025-12-07T23:44:55.855430
44,mayaandrade_44,100,2025-12-04T20:44:55.855430
12,mcassiano_12,100,2025-12-04T19:44:55.855430
41,liamdas-neves_41,100,2025-12-08T01:44:55.855430
34,maria-sophiada-mota_34,100,2025-12-04T20:44:55.855430
10,ribeirolorena_10,100,2025-12-09T13:44:55.855430
45,odias_45,100,2025-12-04T21:44:55.855430
46,duartedaniel_46,100,2025-12-06T01:44:55.855430
8,jose-miguelribeiro_8,100,2025-12-08T21:44:55.855430
49,lunna09_49,100,2025-12-05T00:44:55.855430
2,rfernandes_2,100,2025-12-10T07:44:55.855430
32,mariahcunha_32,100,2025-12-08T13:44:55.855430
47,rda-paz_47,101,2026-01-09T20:44:55.855453
34,maria-sophiada-mota_34,101,2026-01-11T14:44:55.855453
11,aragaovalentina_11,101,2026-01-11T13:44:55.855453
48,ada-mota_48,101,2026-01-09T06:44:55.855453
7,natalia93_7,101,2026-01-07T21:44:55.855453
1,alvesyan_1,101,2026-01-09T23:44:55.855453
23,oleao_23,101,2026-01-13T13:44:55.855453
15,gustavo-henrique24_15,101,2026-01-12T07:44:55.855453
6,qmoura_6,101,2026-01-10T10:44:55.855453
27,goncalvesbenjamim_27,101,2026-01-13T02:44:55.855453
5,pgoncalves_5,101,2026-01-07T13:44:55.855453
8,jose-miguelribeiro_8,101,2026-01-11T15:44:55.855453
31,ucavalcanti_31,101,2026-01-11T19:44:55.855453
30,pastorryan_30,101,2026-01-12T15:44:55.855453
41,liamdas-neves_41,101,2026-01-08T15:44:55.855453
35,da-cunhamaria-liz_35,101,2026-01-07T21:44:55.855453
29,maria-florsampaio_29,101,2026-01-08T21:44:55.855453
9,anthony-gabrielbarbosa_9,101,2026-01-12T00:44:55.855453
45,odias_45,101,2026-01-07T22:44:55.855453
15,gustavo-henrique24_15,102,2025-12-10T13:44:55.855474
43,ccassiano_43,102,2025-12-13T20:44:55.855474
6,qmoura_6,102,2025-12-12T13:44:55.855474
48,ada-mota_48,102,2025-12-16T02:44:55.855474
16,viniciuscastro_16,103,2026-01-20T12:44:55.855495
15,gustavo-henrique24_15,103,2026-01-25T13:44:55.855495
17,ccardoso_17,103,2026-01-21T18:44:55.855495
46,duartedaniel_46,104,2026-01-07T01:44:55.855519
30,pastorryan_30,104,2026-01-06T12:44:55.855519
43,ccassiano_43,104,2026-01-04T02:44:55.855519
38,luna17_38,104,2026-01-08T17:44:55.855519
34,maria-sophiada-mota_34,104,2026-01-02T21:44:55.855519
50,vda-rocha_50,104,2026-01-06T15:44:55.855519
37,da-conceicaoalicia_37,104,2026-01-09T06:44:55.855519
18,luiz-gustavojesus_18,104,2026-01-03T01:44:55.855519
9,anthony-gabrielbarbosa_9,104,2026-01-04T15:44:55.855519
21,natalia46_21,104,2026-01-04T11:44:55.855519
41,liamdas-neves_41,106,2026-01-17T18:44:55.855562
3,novaesana-beatriz_3,106,2026-01-16T23:44:55.855562
16,viniciuscastro_16,106,2026-01-13T15:44:55.855562
11,aragaovalentina_11,106,2026-01-19T15:44:55.855562
31,ucavalcanti_31,107,2026-01-26T12:44:55.855595
23,oleao_23,107,2026-01-25T00:44:55.855595
13,isiscampos_13,107,2026-01-23T03:44:55.855595
41,liamdas-neves_41,107,2026-01-23T03:44:55.855595
37,da-conceicaoalicia_37,107,2026-01-21T12:44:55.855595
26,teixeiragabrielly_26,107,2026-01-22T06:44:55.855595
29,maria-florsampaio_29,107,2026-01-23T04:44:55.855595
14,kpinto_14,107,2026-01-24T17:44:55.855595
30,pastorryan_30,107,2026-01-25T09:44:55.855595
40,igor68_40,107,2026-01-24T09:44:55.855595
17,ccardoso_17,107,2026-01-20T13:44:55.855595
35,da-cunhamaria-liz_35,107,2026-01-23T04:44:55.855595
44,mayaandrade_44,107,2026-01-25T01:44:55.855595
8,jose-miguelribeiro_8,107,2026-01-22T08:44:55.855595
18,luiz-gustavojesus_18,107,2026-01-20T05:44:55.855595
28,souzavalentina_28,108,2026-01-23T16:44:55.855617
42,dda-cruz_42,108,2026-01-21T21:44:55.855617
2,rfernandes_2,108,2026-01-24T05:44:55.855617
35,da-cunhamaria-liz_35,108,2026-01-23T19:44:55.855617
9,anthony-gabrielbarbosa_9,108,2026-01-25T08:44:55.855617
7,natalia93_7,108,2026-01-25T04:44:55.855617
15,gustavo-henrique24_15,108,2026-01-26T10:44:55.855617
30,pastorryan_30,108,2026-01-21T10:44:55.855617
8,jose-miguelribeiro_8,108,2026-01-25T22:44:55.855617
49,lunna09_49,108,2026-01-22T11:44:55.855617
36,rebecagarcia_36,108,2026-01-24T18:44:55.855617
13,isiscampos_13,109,2026-01-05T07:44:55.855638
10,ribeirolorena_10,109,2026-01-01T23:44:55.855638
44,mayaandrade_44,109,2026-01-05T04:44:55.855638
15,gustavo-henrique24_15,109,2026-01-01T07:44:55.855638
2,rfernandes_2,109,2026-01-03T12:44:55.855638
50,vda-rocha_50,109,2026-01-01T05:44:55.855638
23,oleao_23,109,2025-12-31T14:44:55.855638
34,maria-sophiada-mota_34,109,2026-01-01T07:44:55.855638
39,maria-isismoreira_39,109,2026-01-06T07:44:55.855638
49,lunna09_49,109,2026-01-06T07:44:55.855638
37,da-conceicaoalicia_37,109,2026-01-06T03:44:55.855638
43,ccassiano_43,109,2026-01-01T22:44:55.855638
42,dda-cruz_42,109,2026-01-01T03:44:55.855638
4,pereiraluigi_4,109,2026-01-05T07:44:55.855638
35,da-cunhamaria-liz_35,109,2026-01-06T01:44:55.855638
24,jaragao_24,109,2026-01-04T01:44:55.855638
18,luiz-gustavojesus_18,110,2025-12-16T00:44:55.855661
4,pereiraluigi_4,110,2025-12-16T14:44:55.855661
26,teixeiragabrielly_26,110,2025-12-16T12:44:55.855661
19,pietroalves_19,110,2025-12-14T23:44:55.855661
25,raquel73_25,110,2025-12-12T23:44:55.855661
34,maria-sophiada-mota_34,110,2025-12-14T17:44:55.855661
17,ccardoso_17,112,2026-01-15T11:44:55.855702
46,duartedaniel_46,112,2026-01-12T20:44:55.855702
47,rda-paz_47,113,2025-12-18T00:44:55.855725
40,igor68_40,113,2025-12-18T01:44:55.855725
39,maria-isismoreira_39,113,2025-12-21T16:44:55.855725
5,pgoncalves_5,113,2025-12-18T06:44:55.855725
4,pereiraluigi_4,113,2025-12-19T03:44:55.855725
27,goncalvesbenjamim_27,113,2025-12-20T17:44:55.855725
42,dda-cruz_42,114,2025-12-20T04:44:55.855747
27,goncalvesbenjamim_27,114,2025-12-21T06:44:55.855747
26,teixeiragabrielly_26,114,2025-12-18T07:44:55.855747
38,luna17_38,114,2025-12-19T22:44:55.855747
13,isiscampos_13,114,2025-12-20T11:44:55.855747
26,teixeiragabrielly_26,115,2026-01-08T18:44:55.855769
8,jose-miguelribeiro_8,115,2026-01-04T03:44:55.855769
47,rda-paz_47,115,2026-01-04T17:44:55.855769
48,ada-mota_48,115,2026-01-07T06:44:55.855769
44,mayaandrade_44,116,2026-02-01T15:44:55.855793
18,luiz-gustavojesus_18,116,2026-02-08T08:44:55.855793
49,lunna09_49,116,2026-02-02T19:44:55.855793
21,natalia46_21,116,2026-02-07T02:44:55.855793
34,maria-sophiada-mota_34,117,2025-12-14T20:44:55.855815
7,natalia93_7,117,2025-12-19T07:44:55.855815
41,liamdas-neves_41,117,2025-12-20T01:44:55.855815
39,maria-isismoreira_39,117,2025-12-18T09:44:55.855815
31,ucavalcanti_31,117,2025-12-15T04:44:55.855815
15,gustavo-henrique24_15,117,2025-12-14T07:44:55.855815
43,ccassiano_43,117,2025-12-17T04:44:55.855815
29,maria-florsampaio_29,117,2025-12-16T10:44:55.855815
20,luiza98_20,117,2025-12-13T23:44:55.855815
17,ccardoso_17,118,2025-12-07T11:44:55.855835
8,jose-miguelribeiro_8,118,2025-12-12T23:44:55.855835
41,liamdas-neves_41,118,2025-12-12T22:44:55.855835
30,pastorryan_30,118,2025-12-10T09:44:55.855835
28,souzavalentina_28,118,2025-12-09T02:44:55.855835
38,luna17_38,118,2025-12-11T19:44:55.855835
11,aragaovalentina_11,118,2025-12-11T03:44:55.855835
32,mariahcunha_32,118,2025-12-11T00:44:55.855835
19,pietroalves_19,118,2025-12-07T03:44:55.855835
15,gustavo-henrique24_15,118,2025-12-13T08:44:55.855835
34,maria-sophiada-mota_34,118,2025-12-07T15:44:55.855835
7,natalia93_7,118,2025-12-09T12:44:55.855835
17,ccardoso_17,119,2025-12-07T10:44:55.855856
41,liamdas-neves_41,119,2025-12-06T16:44:55.855856
33,da-rochapedro-miguel_33,119,2025-12-07T14:44:55.855856
22,cmacedo_22,119,2025-12-11T17:44:55.855856
27,goncalvesbenjamim_27,119,2025-12-09T03:44:55.855856
43,ccassiano_43,119,2025-12-12T18:44:55.855856
50,vda-rocha_50,119,2025-12-11T19:44:55.855856
23,oleao_23,119,2025-12-08T21:44:55.855856
28,souzavalentina_28,120,2026-02-04T02:44:55.855877
43,ccassiano_43,120,2026-02-05T09:44:55.855877
18,luiz-gustavojesus_18,120,2026-02-07T17:44:55.855877
7,natalia93_7,120,2026-02-07T23:44:55.855877
46,duartedaniel_46,120,2026-02-06T00:44:55.855877
32,mariahcunha_32,120,2026-02-05T17:44:55.855877
36,rebecagarcia_36,120,2026-02-01T23:44:55.855877
39,maria-isismoreira_39,120,2026-02-05T05:44:55.855877
37,da-conceicaoalicia_37,120,2026-02-08T10:44:55.855877
25,raquel73_25,120,2026-02-06T05:44:55.855877
49,lunna09_49,120,2026-02-06T10:44:55.855877
34,maria-sophiada-mota_34,120,2026-02-07T15:44:55.855877
41,liamdas-neves_41,120,2026-02-07T02:44:55.855877
3,novaesana-beatriz_3,120,2026-02-01T22:44:55.855877
47,rda-paz_47,120,2026-02-05T19:44:55.855877
44,mayaandrade_44,120,2026-02-08T05:44:55.855877
35,da-cunhamaria-liz_35,120,2026-02-06T03:44:55.855877
8,jose-miguelribeiro_8,120,2026-02-01T19:44:55.855877
37,da-conceicaoalicia_37,121,2025-12-12T15:44:55.855899
12,mcassiano_12,121,2025-12-13T22:44:55.855899
2,rfernandes_2,121,2025-12-09T20:44:55.855899
41,liamdas-neves_41,121,2025-12-14T09:44:55.855899
22,cmacedo_22,121,2025-12-12T05:44:55.855899
7,natalia93_7,121,2025-12-13T08:44:55.855899
23,oleao_23,122,2026-01-15T11:44:55.855921
16,viniciuscastro_16,122,2026-01-15T09:44:55.855921
18,luiz-gustavojesus_18,122,2026-01-16T10:44:55.855921
29,maria-florsampaio_29,122,2026-01-12T23:44:55.855921
4,pereiraluigi_4,122,2026-01-13T19:44:55.855921
21,natalia46_21,122,2026-01-13T06:44:55.855921
30,pastorryan_30,122,2026-01-11T09:44:55.855921
41,liamdas-neves_41,122,2026-01-14T20:44:55.855921
17,ccardoso_17,122,2026-01-10T11:44:55.855921
11,aragaovalentina_11,122,2026-01-13T02:44:55.855921
14,kpinto_14,122,2026-01-13T07:44:55.855921
35,da-cunhamaria-liz_35,123,2026-01-17T05:44:55.855942
48,ada-mota_48,123,2026-01-16T09:44:55.855942
15,gustavo-henrique24_15,123,2026-01-14T05:44:55.855942
21,natalia46_21,123,2026-01-14T08:44:55.855942
20,luiza98_20,123,2026-01-15T23:44:55.855942
7,natalia93_7,123,2026-01-12T17:44:55.855942
6,qmoura_6,123,2026-01-13T17:44:55.855942
41,liamdas-neves_41,123,2026-01-14T13:44:55.855942
26,teixeiragabrielly_26,123,2026-01-18T17:44:55.855942
47,rda-paz_47,123,2026-01-15T20:44:55.855942
40,igor68_40,123,2026-01-17T22:44:55.855942
32,mariahcunha_32,123,2026-01-19T09:44:55.855942
12,mcassiano_12,123,2026-01-18T12:44:55.855942
25,raquel73_25,123,2026-01-15T16:44:55.855942
13,isiscampos_13,123,2026-01-18T12:44:55.855942
17,ccardoso_17,123,2026-01-18T06:44:55.855942
39,maria-isismoreira_39,123,2026-01-14T10:44:55.855942
23,oleao_23,123,2026-01-16T18:44:55.855942
22,cmacedo_22,123,2026-01-19T03:44:55.855942
13,isiscampos_13,124,2026-01-18T12:44:55.855966
6,qmoura_6,124,2026-01-23T22:44:55.855966
17,ccardoso_17,125,2025-12-31T10:44:55.855985
10,ribeirolorena_10,125,2026-01-02T23:44:55.855985
46,duartedaniel_46,125,2026-01-01T22:44:55.855985
22,cmacedo_22,125,2026-01-04T06:44:55.855985
35,da-cunhamaria-liz_35,125,2025-12-30T23:44:55.855985
23,oleao_23,125,2026-01-02T03:44:55.855985
26,teixeiragabrielly_26,125,2026-01-05T09:44:55.855985
9,anthony-gabrielbarbosa_9,125,2026-01-01T04:44:55.855985
25,raquel73_25,125,2026-01-02T11:44:55.855985
7,natalia93_7,125,2025-12-30T19:44:55.855985
19,pietroalves_19,125,2026-01-04T19:44:55.855985
37,da-conceicaoalicia_37,125,2026-01-01T22:44:55.855985
16,viniciuscastro_16,126,2025-12-26T16:44:55.856007
15,gustavo-henrique24_15,126,2025-12-26T03:44:55.856007
29,maria-florsampaio_29,126,2025-12-23T18:44:55.856007
42,dda-cruz_42,126,2025-12-30T01:44:55.856007
14,kpinto_14,126,2025-12-28T16:44:55.856007
10,ribeirolorena_10,126,2025-12-28T05:44:55.856007
1,alvesyan_1,126,2025-12-27T23:44:55.856007
36,rebecagarcia_36,127,2025-12-19T01:44:55.856029
37,da-conceicaoalicia_37,127,2025-12-19T22:44:55.856029
13,isiscampos_13,127,2025-12-22T07:44:55.856029
27,goncalvesbenjamim_27,127,2025-12-20T08:44:55.856029
12,mcassiano_12,127,2025-12-17T08:44:55.856029
34,maria-sophiada-mota_34,127,2025-12-17T23:44:55.856029
38,luna17_38,127,2025-12-19T23:44:55.856029
26,teixeiragabrielly_26,127,2025-12-19T04:44:55.856029
41,liamdas-neves_41,127,2025-12-22T06:44:55.856029
49,lunna09_49,127,2025-12-22T17:44:55.856029
25,raquel73_25,127,2025-12-17T21:44:55.856029
17,ccardoso_17,127,2025-12-17T13:44:55.856029
24,jaragao_24,127,2025-12-21T22:44:55.856029
39,maria-isismoreira_39,127,2025-12-21T14:44:55.856029
28,souzavalentina_28,127,2025-12-22T06:44:55.856029
44,mayaandrade_44,127,2025-12-19T21:44:55.856029
35,da-cunhamaria-liz_35,127,2025-12-17T15:44:55.856029
15,gustavo-henrique24_15,128,2025-12-17T12:44:55.856053
47,rda-paz_47,128,2025-12-16T07:44:55.856053
23,oleao_23,128,2025-12-17T12:44:55.856053
46,duartedaniel_46,128,2025-12-18T11:44:55.856053
45,odias_45,128,2025-12-12T03:44:55.856053
42,dda-cruz_42,128,2025-12-15T05:44:55.856053
36,rebecagarcia_36,128,2025-12-16T15:44:55.856053
50,vda-rocha_50,128,2025-12-13T02:44:55.856053
30,pastorryan_30,128,2025-12-12T05:44:55.856053
18,luiz-gustavojesus_18,128,2025-12-15T07:44:55.856053
37,da-conceicaoalicia_37,128,2025-12-12T05:44:55.856053
4,pereiraluigi_4,128,2025-12-14T11:44:55.856053
49,lunna09_49,128,2025-12-17T14:44:55.856053
29,maria-florsampaio_29,128,2025-12-14T05:44:55.856053
32,mariahcunha_32,128,2025-12-11T20:44:55.856053
28,souzavalentina_28,128,2025-12-17T22:44:55.856053
5,pgoncalves_5,128,2025-12-16T18:44:55.856053
11,aragaovalentina_11,128,2025-12-16T03:44:55.856053
2,rfernandes_2,128,2025-12-12T23:44:55.856053
14,kpinto_14,129,2026-01-29T21:44:55.856075
43,ccassiano_43,129,2026-01-27T01:44:55.856075
29,maria-florsampaio_29,129,2026-01-31T07:44:55.856075
20,luiza98_20,129,2026-01-31T19:44:55.856075
35,da-cunhamaria-liz_35,129,2026-01-28T21:44:55.856075
45,odias_45,129,2026-01-25T14:44:55.856075
44,mayaandrade_44,129,2026-02-01T01:44:55.856075
47,rda-paz_47,129,2026-01-26T02:44:55.856075
22,cmacedo_22,129,2026-01-29T08:44:55.856075
15,gustavo-henrique24_15,129,2026-01-31T19:44:55.856075
37,da-conceicaoalicia_37,129,2026-01-26T19:44:55.856075
33,da-rochapedro-miguel_33,129,2026-01-26T07:44:55.856075
5,pgoncalves_5,130,2025-12-08T14:44:55.856096
34,maria-sophiada-mota_34,130,2025-12-09T14:44:55.856096
27,goncalvesbenjamim_27,130,2025-12-06T00:44:55.856096
47,rda-paz_47,130,2025-12-08T04:44:55.856096
11,aragaovalentina_11,130,2025-12-06T11:44:55.856096
13,isiscampos_13,130,2025-12-05T13:44:55.856096
16,viniciuscastro_16,130,2025-12-07T20:44:55.856096
39,maria-isismoreira_39,130,2025-12-08T07:44:55.856096
12,mcassiano_12,130,2025-12-06T10:44:55.856096
42,dda-cruz_42,130,2025-12-09T03:44:55.856096
2,rfernandes_2,130,2025-12-07T05:44:55.856096
32,mariahcunha_32,130,2025-12-09T20:44:55.856096
8,jose-miguelribeiro_8,130,2025-12-05T12:44:55.856096
22,cmacedo_22,130,2025-12-06T12:44:55.856096
6,qmoura_6,130,2025-12-07T07:44:55.856096
7,natalia93_7,130,2025-12-08T19:44:55.856096
26,teixeiragabrielly_26,130,2025-12-06T16:44:55.856096
25,raquel73_25,130,2025-12-06T23:44:55.856096
48,ada-mota_48,130,2025-12-08T06:44:55.856096
41,liamdas-neves_41,131,2025-12-19T15:44:55.856119
6,qmoura_6,131,2025-12-18T19:44:55.856119
22,cmacedo_22,131,2025-12-15T20:44:55.856119
29,maria-florsampaio_29,131,2025-12-21T14:44:55.856119
7,natalia93_7,131,2025-12-21T13:44:55.856119
34,maria-sophiada-mota_34,131,2025-12-19T12:44:55.856119
17,ccardoso_17,131,2025-12-16T06:44:55.856119
2,rfernandes_2,131,2025-12-17T09:44:55.856119
39,maria-isismoreira_39,131,2025-12-17T13:44:55.856119
4,pereiraluigi_4,131,2025-12-22T07:44:55.856119
36,rebecagarcia_36,131,2025-12-22T03:44:55.856119
50,vda-rocha_50,131,2025-12-20T20:44:55.856119
24,jaragao_24,131,2025-12-17T11:44:55.856119
46,duartedaniel_46,131,2025-12-21T06:44:55.856119
11,aragaovalentina_11,131,2025-12-17T20:44:55.856119
1,alvesyan_1,131,2025-12-19T05:44:55.856119
45,odias_45,131,2025-12-16T13:44:55.856119
35,da-cunhamaria-liz_35,131,2025-12-17T04:44:55.856119
33,da-rochapedro-miguel_33,131,2025-12-21T22:44:55.856119
40,igor68_40,131,2025-12-19T12:44:55.856119
12,mcassiano_12,132,2025-12-18T14:44:55.856142
29,maria-florsampaio_29,132,2025-12-22T20:44:55.856142
46,duartedaniel_46,132,2025-12-19T14:44:55.856142
50,vda-rocha_50,132,2025-12-23T23:44:55.856142
33,da-rochapedro-miguel_33,132,2025-12-19T04:44:55.856142
10,ribeirolorena_10,132,2025-12-24T01:44:55.856142
49,lunna09_49,132,2025-12-21T03:44:55.856142
2,rfernandes_2,132,2025-12-22T09:44:55.856142
40,igor68_40,132,2025-12-24T13:44:55.856142
3,novaesana-beatriz_3,132,2025-12-23T09:44:55.856142
35,da-cunhamaria-liz_35,132,2025-12-21T16:44:55.856142
8,jose-miguelribeiro_8,132,2025-12-22T07:44:55.856142
20,luiza98_20,132,2025-12-18T18:44:55.856142
19,pietroalves_19,132,2025-12-23T10:44:55.856142
7,natalia93_7,132,2025-12-18T05:44:55.856142
23,oleao_23,132,2025-12-21T03:44:55.856142
47,rda-paz_47,132,2025-12-20T04:44:55.856142
11,aragaovalentina_11,132,2025-12-21T10:44:55.856142
16,viniciuscastro_16,133,2026-01-27T23:44:55.856165
32,mariahcunha_32,133,2026-01-31T08:44:55.856165
13,isiscampos_13,133,2026-01-28T04:44:55.856165
26,teixeiragabrielly_26,133,2026-02-01T15:44:55.856165
7,natalia93_7,134,2025-12-23T15:44:55.856185
34,maria-sophiada-mota_34,134,2025-12-24T15:44:55.856185
6,qmoura_6,134,2025-12-28T05:44:55.856185
43,ccassiano_43,134,2025-12-26T02:44:55.856185
42,dda-cruz_42,134,2025-12-25T20:44:55.856185
21,natalia46_21,134,2025-12-26T04:44:55.856185
49,lunna09_49,134,2025-12-25T13:44:55.856185
37,da-conceicaoalicia_37,134,2025-12-22T10:44:55.856185
47,rda-paz_47,134,2025-12-26T18:44:55.856185
35,da-cunhamaria-liz_35,134,2025-12-21T19:44:55.856185
44,mayaandrade_44,134,2025-12-26T18:44:55.856185
26,teixeiragabrielly_26,134,2025-12-22T15:44:55.856185
41,liamdas-neves_41,134,2025-12-24T23:44:55.856185
13,isiscampos_13,134,2025-12-27T12:44:55.856185
19,pietroalves_19,134,2025-12-26T16:44:55.856185
45,odias_45,134,2025-12-28T01:44:55.856185
9,anthony-gabrielbarbosa_9,134,2025-12-25T16:44:55.856185
29,maria-florsampaio_29,134,2025-12-24T19:44:55.856185
50,vda-rocha_50,135,2026-01-30T01:44:55.856200
19,pietroalves_19,135,2026-02-04T05:44:55.856200
44,mayaandrade_44,135,2026-01-29T20:44:55.856200
45,odias_45,135,2026-01-30T01:44:55.856200
4,pereiraluigi_4,135,2026-02-01T18:44:55.856200
34,maria-sophiada-mota_34,135,2026-02-02T15:44:55.856200
3,novaesana-beatriz_3,135,2026-01-31T13:44:55.856200
13,isiscampos_13,135,2026-02-02T07:44:55.856200
6,qmoura_6,135,2026-02-04T06:44:55.856200
20,luiza98_20,135,2026-01-30T02:44:55.856200
38,luna17_38,135,2026-02-03T04:44:55.856200
37,da-conceicaoalicia_37,135,2026-02-03T23:44:55.856200
35,da-cunhamaria-liz_35,135,2026-02-04T03:44:55.856200
12,mcassiano_12,135,2026-01-31T10:44:55.856200
21,natalia46_21,135,2026-02-03T23:44:55.856200
44,mayaandrade_44,136,2026-02-01T19:44:55.856213
45,odias_45,136,2026-01-29T17:44:55.856213
3,novaesana-beatriz_3,136,2026-02-02T15:44:55.856213
14,kpinto_14,136,2026-02-03T08:44:55.856213
7,natalia93_7,136,2026-02-03T01:44:55.856213
30,pastorryan_30,136,2026-01-27T16:44:55.856213
12,mcassiano_12,136,2026-01-28T00:44:55.856213
15,gustavo-henrique24_15,136,2026-01-31T14:44:55.856213
21,natalia46_21,136,2026-01-29T17:44:55.856213
5,pgoncalves_5,136,2026-01-28T18:44:55.856213
47,rda-paz_47,136,2026-01-30T15:44:55.856213
43,ccassiano_43,138,2026-01-12T00:44:55.856241
22,cmacedo_22,138,2026-01-13T04:44:55.856241
12,mcassiano_12,138,2026-01-13T01:44:55.856241
25,raquel73_25,138,2026-01-17T22:44:55.856241
15,gustavo-henrique24_15,138,2026-01-14T04:44:55.856241
24,jaragao_24,138,2026-01-18T04:44:55.856241
26,teixeiragabrielly_26,138,2026-01-14T07:44:55.856241
44,mayaandrade_44,139,2026-02-01T12:44:55.856256
37,da-conceicaoalicia_37,139,2026-01-31T13:44:55.856256
46,duartedaniel_46,139,2026-02-03T17:44:55.856256
41,liamdas-neves_41,139,2026-02-01T05:44:55.856256
20,luiza98_20,139,2026-02-04T22:44:55.856256
14,kpinto_14,139,2026-01-29T15:44:55.856256
42,dda-cruz_42,139,2026-02-05T05:44:55.856256
18,luiz-gustavojesus_18,139,2026-02-02T18:44:55.856256
27,goncalvesbenjamim_27,139,2026-01-29T23:44:55.856256
1,alvesyan_1,139,2026-02-03T07:44:55.856256
50,vda-rocha_50,139,2026-01-30T21:44:55.856256
40,igor68_40,139,2026-01-31T22:44:55.856256
25,raquel73_25,139,2026-01-30T07:44:55.856256
8,jose-miguelribeiro_8,140,2025-12-12T16:44:55.856270
50,vda-rocha_50,140,2025-12-11T11:44:55.856270
11,aragaovalentina_11,140,2025-12-16T11:44:55.856270
32,mariahcunha_32,140,2025-12-15T20:44:55.856270
5,pgoncalves_5,140,2025-12-12T16:44:55.856270
12,mcassiano_12,140,2025-12-11T21:44:55.856270
35,da-cunhamaria-liz_35,140,2025-12-16T01:44:55.856270
21,natalia46_21,140,2025-12-10T22:44:55.856270
48,ada-mota_48,140,2025-12-15T13:44:55.856270
17,ccardoso_17,140,2025-12-15T15:44:55.856270
26,teixeiragabrielly_26,140,2025-12-11T16:44:55.856270
19,pietroalves_19,140,2025-12-11T17:44:55.856270
44,mayaandrade_44,140,2025-12-12T23:44:55.856270
39,maria-isismoreira_39,140,2025-12-10T22:44:55.856270
37,da-conceicaoalicia_37,140,2025-12-14T16:44:55.856270
41,liamdas-neves_41,140,2025-12-12T12:44:55.856270
7,natalia93_7,140,2025-12-11T10:44:55.856270
49,lunna09_49,140,2025-12-11T06:44:55.856270
40,igor68_40,140,2025-12-13T02:44:55.856270
27,goncalvesbenjamim_27,140,2025-12-15T04:44:55.856270
24,jaragao_24,141,2026-01-10T06:44:55.856312
29,maria-florsampaio_29,141,2026-01-11T11:44:55.856312
48,ada-mota_48,141,2026-01-08T16:44:55.856312
10,ribeirolorena_10,141,2026-01-13T09:44:55.856312
49,lunna09_49,141,2026-01-07T03:44:55.856312
39,maria-isismoreira_39,141,2026-01-10T17:44:55.856312
3,novaesana-beatriz_3,141,2026-01-10T14:44:55.856312
43,ccassiano_43,141,2026-01-08T04:44:55.856312
33,da-rochapedro-miguel_33,141,2026-01-09T15:44:55.856312
13,isiscampos_13,141,2026-01-11T22:44:55.856312
14,kpinto_14,141,2026-01-07T05:44:55.856312
21,natalia46_21,141,2026-01-08T22:44:55.856312
44,mayaandrade_44,141,2026-01-08T12:44:55.856312
37,da-conceicaoalicia_37,141,2026-01-13T05:44:55.856312
1,alvesyan_1,141,2026-01-08T14:44:55.856312
47,rda-paz_47,141,2026-01-10T02:44:55.856312
22,cmacedo_22,141,2026-01-13T13:44:55.856312
17,ccardoso_17,141,2026-01-11T05:44:55.856312
12,mcassiano_12,141,2026-01-06T19:44:55.856312
5,pgoncalves_5,142,2026-01-30T01:44:55.856327
16,viniciuscastro_16,142,2026-01-30T05:44:55.856327
39,maria-isismoreira_39,142,2026-01-24T17:44:55.856327
34,maria-sophiada-mota_34,142,2026-01-31T03:44:55.856327
19,pietroalves_19,142,2026-01-26T08:44:55.856327
36,rebecagarcia_36,142,2026-01-27T23:44:55.856327
11,aragaovalentina_11,142,2026-01-28T11:44:55.856327
10,ribeirolorena_10,142,2026-01-24T22:44:55.856327
45,odias_45,142,2026-01-26T01:44:55.856327
21,natalia46_21,142,2026-01-25T15:44:55.856327
4,pereiraluigi_4,142,2026-01-27T00:44:55.856327
8,jose-miguelribeiro_8,142,2026-01-24T14:44:55.856327
50,vda-rocha_50,142,2026-01-28T14:44:55.856327
27,goncalvesbenjamim_27,142,2026-01-24T13:44:55.856327
4,pereiraluigi_4,143,2025-12-28T18:44:55.856341
25,raquel73_25,143,2025-12-30T01:44:55.856341
37,da-conceicaoalicia_37,143,2025-12-26T05:44:55.856341
8,jose-miguelribeiro_8,143,2025-12-27T05:44:55.856341
15,gustavo-henrique24_15,143,2025-12-30T07:44:55.856341
41,liamdas-neves_41,143,2025-12-28T09:44:55.856341
3,novaesana-beatriz_3,143,2025-12-28T15:44:55.856341
48,ada-mota_48,143,2025-12-25T04:44:55.856341
35,da-cunhamaria-liz_35,143,2025-12-28T09:44:55.856341
5,pgoncalves_5,143,2025-12-29T06:44:55.856341
2,rfernandes_2,143,2025-12-27T09:44:55.856341
31,ucavalcanti_31,143,2025-12-25T22:44:55.856341
43,ccassiano_43,143,2025-12-25T01:44:55.856341
49,lunna09_49,143,2025-12-26T14:44:55.856341
19,pietroalves_19,143,2025-12-30T08:44:55.856341
38,luna17_38,143,2025-12-25T09:44:55.856341
29,maria-florsampaio_29,143,2025-12-27T16:44:55.856341
16,viniciuscastro_16,143,2025-12-26T06:44:55.856341
24,jaragao_24,144,2026-01-05T01:44:55.856355
48,ada-mota_48,144,2026-01-03T23:44:55.856355
2,rfernandes_2,144,2026-01-08T10:44:55.856355
28,souzavalentina_28,144,2026-01-07T22:44:55.856355
20,luiza98_20,144,2026-01-09T07:44:55.856355
26,teixeiragabrielly_26,145,2026-01-20T23:44:55.856370
9,anthony-gabrielbarbosa_9,145,2026-01-21T10:44:55.856370
41,liamdas-neves_41,145,2026-01-21T08:44:55.856370
23,oleao_23,145,2026-01-21T06:44:55.856370
14,kpinto_14,145,2026-01-20T16:44:55.856370
50,vda-rocha_50,145,2026-01-21T11:44:55.856370
27,goncalvesbenjamim_27,145,2026-01-20T10:44:55.856370
21,natalia46_21,146,2026-01-18T14:44:55.856385
43,ccassiano_43,146,2026-01-23T13:44:55.856385
26,teixeiragabrielly_26,146,2026-01-23T03:44:55.856385
9,anthony-gabrielbarbosa_9,146,2026-01-20T10:44:55.856385
34,maria-sophiada-mota_34,146,2026-01-21T11:44:55.856385
14,kpinto_14,146,2026-01-22T09:44:55.856385
16,viniciuscastro_16,146,2026-01-20T21:44:55.856385
45,odias_45,146,2026-01-20T12:44:55.856385
13,isiscampos_13,146,2026-01-23T09:44:55.856385
37,da-conceicaoalicia_37,146,2026-01-19T19:44:55.856385
26,teixeiragabrielly_26,147,2026-01-02T08:44:55.856399
10,ribeirolorena_10,147,2025-12-31T17:44:55.856399
31,ucavalcanti_31,147,2026-01-04T04:44:55.856399
7,natalia93_7,147,2026-01-01T22:44:55.856399
35,da-cunhamaria-liz_35,147,2025-12-29T02:44:55.856399
42,dda-cruz_42,147,2025-12-30T16:44:55.856399
22,cmacedo_22,148,2026-02-06T03:44:55.856412
36,rebecagarcia_36,148,2026-02-03T11:44:55.856412
11,aragaovalentina_11,148,2026-02-06T06:44:55.856412
43,ccassiano_43,148,2026-02-01T19:44:55.856412
25,raquel73_25,148,2026-02-03T17:44:55.856412
34,maria-sophiada-mota_34,148,2026-02-05T15:44:55.856412
43,ccassiano_43,149,2026-01-09T01:44:55.856427
12,mcassiano_12,149,2026-01-09T01:44:55.856427
18,luiz-gustavojesus_18,149,2026-01-08T04:44:55.856427
44,mayaandrade_44,149,2026-01-09T05:44:55.856427
37,da-conceicaoalicia_37,149,2026-01-02T22:44:55.856427
10,ribeirolorena_10,149,2026-01-03T13:44:55.856427
42,dda-cruz_42,149,2026-01-03T05:44:55.856427
26,teixeiragabrielly_26,149,2026-01-03T10:44:55.856427
46,duartedaniel_46,149,2026-01-02T18:44:55.856427
13,isiscampos_13,149,2026-01-02T15:44:55.856427
45,odias_45,149,2026-01-03T02:44:55.856427
27,goncalvesbenjamim_27,149,2026-01-06T01:44:55.856427
21,natalia46_21,149,2026-01-03T12:44:55.856427
30,pastorryan_30,149,2026-01-05T21:44:55.856427
16,viniciuscastro_16,149,2026-01-06T08:44:55.856427
9,anthony-gabrielbarbosa_9,149,2026-01-04T16:44:55.856427
32,mariahcunha_32,149,2026-01-04T03:44:55.856427
38,luna17_38,149,2026-01-04T19:44:55.856427
5,pgoncalves_5,150,2026-01-19T15:44:55.856442
24,jaragao_24,150,2026-01-19T18:44:55.856442
40,igor68_40,150,2026-01-17T14:44:55.856442
21,natalia46_21,150,2026-01-22T12:44:55.856442
38,luna17_38,150,2026-01-18T05:44:55.856442
29,maria-florsampaio_29,150,2026-01-18T03:44:55.856442
31,ucavalcanti_31,150,2026-01-18T06:44:55.856442
22,cmacedo_22,150,2026-01-20T23:44:55.856442
12,mcassiano_12,150,2026-01-17T19:44:55.856442
